Serialized Counts by UPC,,1,,,,,,Scan Each mobile phone UPC below the red box,NOTE: Clear scans before starting new scan
ITEM_NUMBER,DESCRIPTION,UPC,Count ,,,,,,
M10001A,IPHONE XS MAX 64GB SPACE GRAY (SIM-FREE),190198786029,0,,,,,Start Scans HERE,
M10001B,CERTIFIED PRE-OWNED IPHONE XS MAX 64GB SPACE GRAY,850041722009,0,,,,,195950051629,
M10002A,IPHONE XS MAX 256GB SPACE GRAY (SIM-FREE),190198786081,0,,,,,195950051629,
M10002B,CERTIFIED PRE-OWNED IPHONE XS MAX 256GB SPACE GRAY,850041722016,0,,,,,195950051629,
M10004A,IPHONE XS MAX 64GB GOLD (SIM-FREE),190198786067,0,,,,,195950051629,
M10004B,CERTIFIED PRE-OWNED IPHONE XS MAX 64GB GOLD,850041722023,0,,,,,195949820939,
M10005A,IPHONE XS MAX 256GB GOLD (SIM-FREE),190198786128,0,,,,,195949820953,
M10005B,CERTIFIED PRE-OWNED IPHONE XS MAX 256GB GOLD,850041722030,0,,,,,810006549522,
M10010A,IPHONE XS 64GB SPACE GRAY (SIM-FREE),190198790392,0,,,,,810006549874,
M10010B,CERTIFIED PRE-OWNED IPHONE XS 64GB SPACE GRAY,850041722047,0,,,,,M10396B,
M10011A,IPHONE XS 256GB SPACE GRAY (SIM-FREE),190198790514,0,,,,,195949035012,
M10011B,CERTIFIED PRE-OWNED IPHONE XS 256GB SPACE GRAY,850041722054,0,,,,,195949017681,
M10013A,IPHONE XS 64GB GOLD (SIM-FREE),190198790477,0,,,,,195949035128,
M10013B,CERTIFIED PRE-OWNED IPHONE XS 64GB GOLD,850041722061,0,,,,,195949035142,
M10014A,IPHONE XS 256GB GOLD (SIM-FREE),190198790590,0,,,,,194252697474,
M10014B,CERTIFIED PRE-OWNED IPHONE XS 256GB GOLD,850041722078,0,,,,,195950146752,
M10023A,IPHONE XR 64GB BLACK (SIM-FREE),190198776402,0,,,,,195950146745,
M10023B,CERTIFIED PRE-OWNED IPHONE XR 64GB BLACK,190198776402B,0,,,,,195950146745,
M10024A,IPHONE XR 128GB BLACK (SIM-FREE),190198776525,0,,,,,195949245244,
M10024B,CERTIFIED PRE-OWNED IPHONE XR 128GB BLACK,190198776525B,0,,,,,195949245541,
M10032A,IPHONE XR 64GB (PRODUCT)RED (SIM-FREE),190198776440,0,,,,,887276916705,
M10032B,CERTIFIED PRE-OWNED IPHONE XR 64GB (PRODUCT)RED (RENEWED - UNLOCKED),190198776440CPO,0,,,,,887276916774,
M10033A,IPHONE XR 128GB (PRODUCT)RED (SIM-FREE),190198776563,0,,,,,887276907123,
M10033B,CERTIFIED PRE-OWNED IPHONE XR 128GB (PRODUCT)RED,190198776563B,0,,,,,887276916774,
M10035A,IPHONE XR 64GB WHITE (SIM-FREE),190198776426,0,,,,,887276916774,
M10035B,CERTIFIED PRE-OWNED IPHONE XR 64GB WHITE,190198776426B,0,,,,,887276915982,
M10036A,IPHONE XR 128GB WHITE (SIM-FREE),190198776549,0,,,,,887276914329,
M10036B,CERTIFIED PRE-OWNED IPHONE XR 128GB WHITE,190198776549B,0,,,,,887276914114,
M10047A,IPHONE 8 64GB SPACE GRAY (SIM-FREE),190198451736,0,,,,,887276894850,
M10047B,CERTIFIED PRE-OWNED IPHONE 8 64GB SPACE GRAY (RENEWED - UNLOCKED),190198451736CPO,0,,,,,887276894850,
M10049A,IPHONE 8 64GB GOLD (SIM-FREE),190198451835,0,,,,,840023291371,
M10049B,CERTIFIED PRE-OWNED IPHONE 8 64GB GOLD (RENEWED - UNLOCKED),190198451835CPO,0,,,,,887276989211,
M10061A,IPHONE 7 32GB BLACK (SIM-FREE),190198066473,0,,,,,887276989211,
M10067A,IPHONE 7 32GB SILVER (SIM-FREE),190198066497,0,,,,,887276989211,
M10069A,GALAXY S10+ 128 GB BLACK (SIM-FREE),8801643621377,0,,,,,887276929040,
M10069B,CERTIFIED PRE-OWNED SAMSUNG GALAXY S10+ 128 GB BLACK,850041722085,0,,,,,887276783864,
M10072A,GALAXY S10 128GB BLACK (SIM-FREE),8801643622510,0,,,,,887276837352,
M10072B,CERTIFIED PRE-OWNED SAMSUNG GALAXY S10 128GB BLACK,850041722092,0,,,,,887276817682,
M10075A,GALAXY S10E 128GB BLACK (SIM-FREE),8801643625818,0,,,,,887276912882,
M10075B,CERTIFIED PRE-OWNED SAMSUNG GALAXY S10E 128GB BLACK,850041722108,0,,,,,840023271144,
M10078A,GALAXY S9 64GB BLACK (SIM-FREE),8801643164669,0,,,,,840023264238,
M10078B,CERTIFIED PRE-OWNED SAMSUNG GALAXY S9 64GB BLACK,850041722115,0,,,,,840023277085,
M10079A,MOTO G7 PLAY 32GB DEEP INDIGO,723755135369,0,,,,,840023277085,
M10080A,MOTO E6 16GB BLACK,723755135390,0,,,,,840023277085,
M10082A,NOTE 10 BLACK 256GB,887276385075,0,,,,,840023277085,
M10082B,CERTIFIED PRE-OWNED SAMSUNG GALAXY NOTE 10 BLACK 256GB,850041722122,0,,,,,840023277085,
M10083A,NOTE 10+ BLACK 256GB,887276385013,0,,,,,840023277085,
M10083B,CERTIFIED PRE-OWNED SAMSUNG GALAXY NOTE 10+ BLACK 256GB,850041722139,0,,,,,840023277085,
M10084A,A10E 32GB CHARCOAL BLACK (SIM-FREE),8806090091384,0,,,,,840023277085,
M10085A,A20 32GB BLACK (SIM-FREE),8806090116520,0,,,,,840023277085,
M10086A,IPHONE 11 PRO MAX 64GB SPACE GRAY (SIM-FREE) - MIN ORDER QTY 100,190199380677,0,,,,,840023277085,
M10086B,CERTIFIED PRE-OWNED IPHONE 11 PRO MAX 64GB SPACE GRAY,850041722146,0,,,,,,
M10087A,IPHONE 11 PRO MAX 256GB SPACE GRAY (SIM-FREE) - MIN ORDER QTY 100,190199380752,0,,,,,,
M10087B,CERTIFIED PRE-OWNED IPHONE 11 PRO MAX 256GB SPACE GRAY,850041722153,0,,,,,,
M10089A,IPHONE 11 PRO MAX 64GB GOLD (SIM-FREE) - MIN ORDER QTY 100,190199380714,0,,,,,,
M10089B,CERTIFIED PRE-OWNED IPHONE 11 PRO MAX 64GB GOLD,850041722160,0,,,,,,
M10090A,IPHONE 11 PRO MAX 256GB MIDNIGHT GREEN (SIM-FREE) - MIN ORDER QTY 100,190199380813,0,,,,,,
M10090B,CERTIFIED PRE-OWNED IPHONE 11 PRO MAX 256GB MIDNIGHT GREEN,850041722177,0,,,,,,
M10095A,IPHONE 11 PRO 64GB SPACE GRAY (SIM-FREE) - MIN ORDER QTY 100,190199392526,0,,,,,,
M10095B,CERTIFIED PRE-OWNED IPHONE 11 PRO 64GB SPACE GRAY,850041722184,0,,,,,,
M10096A,IPHONE 11 PRO 256GB SPACE GRAY (SIM-FREE),190199392601,0,,,,,,
M10096B,CERTIFIED PRE-OWNED IPHONE 11 PRO 256GB SPACE GRAY,850041722191,0,,,,,,
M10098A,IPHONE 11 PRO 64GB GOLD (SIM-FREE) - MIN ORDER QTY 100,190199392564,0,,,,,,
M10098B,CERTIFIED PRE-OWNED IPHONE 11 PRO 64GB GOLD,850041722207,0,,,,,,
M10099A,IPHONE 11 PRO 256GB GOLD (SIM-FREE) - MIN ORDER QTY 100,190199392649,0,,,,,,
M10099B,CERTIFIED PRE-OWNED IPHONE 11 PRO 256GB GOLD,850041722214,0,,,,,,
M10108A,IPHONE 11 64GB BLACK (SIM-FREE) - MIN ORDER QTY 120,190199220539,0,,,,,,
M10108B,CERTIFIED PRE-OWNED IPHONE 11 64GB BLACK,850041722221,0,,,,,,
M10109A,IPHONE 11 128GB BLACK (SIM-FREE) - MIN ORDER QTY 120,190199220652,0,,,,,,
M10109B,CERTIFIED PRE-OWNED IPHONE 11 128GB BLACK,850041722238,0,,,,,,
M10111A,IPHONE 11 64GB (PRODUCT)RED (SIM-FREE) - MIN ORDER QTY 120,190199220577,0,,,,,,
M10111B,CERTIFIED PRE-OWNED IPHONE 11 64GB (PRODUCT)RED,850041722245,0,,,,,,
M10112A,IPHONE 11 128GB (PRODUCT)RED (SIM-FREE) - MIN ORDER QTY 120,190199220690,0,,,,,,
M10112B,CERTIFIED PRE-OWNED IPHONE 11 128GB (PRODUCT)RED,850041722252,0,,,,,,
M10114A,IPHONE 11 64GB WHITE (SIM-FREE) - MIN ORDER QTY 120,190199220553,0,,,,,,
M10114B,CERTIFIED PRE-OWNED IPHONE 11 64GB WHITE,850041722269,0,,,,,,
M10115A,IPHONE 11 128GB WHITE (SIM-FREE) - MIN ORDER QTY 120,190199220676,0,,,,,,
M10115B,CERTIFIED PRE-OWNED IPHONE 11 128GB WHITE,850041722276,0,,,,,,
M10145A,S20 5G 128 GB GRAY (SIM-FREE),8806090328466,0,,,,,,
M10145B,CERTIFIED PRE-OWNED SAMSUNG GALAXY S20 5G 128 GB GRAY,850041722283,0,,,,,,
M10146A,S20+ 5G 128GB BLACK (SIM-FREE),8806090326233,0,,,,,,
M10146B,CERTIFIED PRE-OWNED SAMSUNG GALAXY S20+ 5G 128GB BLACK,850041722290,0,,,,,,
M10147A,S20 ULTRA 5G 128GB BLACK (SIM-FREE),8806090327834,0,,,,,,
M10147B,CERTIFIED PRE-OWNED SAMSUNG GALAXY S20 ULTRA 5G 128GB BLACK,850041722306,0,,,,,,
M10148A,GALAXY A51 128GB PRISM CRUSH BLACK (SIM-FREE),8806090474255,0,,,,,,
M10148B,CERTIFIED PRE-OWNED SAMSUNG GALAXY A51 128GB BLACK,850041722313,0,,,,,,
M10149A,IPHONE SE 64GB BLACK (SIM-FREE) - MIN ORDER QTY 130,190199503526,0,,,,,,
M10149B,CERTIFIED PRE-OWNED IPHONE SE 64GB BLACK,850041722320,0,,,,,,
M10150A,IPHONE SE 64GB WHITE (SIM-FREE) - MIN ORDER QTY 130,190199503540,0,,,,,,
M10150B,CERTIFIED PRE-OWNED IPHONE SE 64GB WHITE,850041722337,0,,,,,,
M10151A,IPHONE SE 64GB (PRODUCT)RED (SIM-FREE) - MIN ORDER QTY 130,190199503564,0,,,,,,
M10151B,CERTIFIED PRE-OWNED IPHONE SE 64GB (PRODUCT)RED,850041722344,0,,,,,,
M10152A,IPHONE SE 128GB BLACK (SIM-FREE) - MIN ORDER QTY 130,190199504875,0,,,,,,
M10152B,CERTIFIED PRE-OWNED IPHONE SE 128GB BLACK,850041722351,0,,,,,,
M10155A,IPHONE SE 256GB BLACK (SIM-FREE) - MIN ORDER QTY 130,190199596016,0,,,,,,
M10155B,CERTIFIED PRE-OWNED IPHONE SE 256GB BLACK,850041722368,0,,,,,,
M10158A,NOTE10 WHITE UNLOCKED (INCLUDES S-PEN),M10158A,0,,,,,,
M10160B,CERTIFIED PRE-OWNED S10 PINK (RENEWED - UNLOCKED),N/A,0,,,,,,
M10161A,GALAXY A11 32GB BLACK,887276430089,0,,,,,,
M10162A,GALAXY A21 32GB BLACK,887276444215,0,,,,,,
M10163A,GALAXY A51 5G 128GB BLACK,887276432946,0,,,,,,
M10163B,CERTIFIED PRE-OWNED SAMSUNG GALAXY A51 5G 128GB BLACK,850041722375,0,,,,,,
M10164A,GALAXY NOTE20 5G 128GB GRAY,887276442501,0,,,,,,
M10164B,CERTIFIED PRE-OWNED SAMSUNG GALAXY NOTE20 5G 128GB GRAY,850041722382,0,,,,,,
M10165A,GALAXY NOTE20 ULTRA 5G 128GB BRONZE,887276455532,0,,,,,,
M10165B,CERTIFIED PRE-OWNED SAMSUNG GALAXY NOTE20 ULTRA 5G 128GB BRONZE,887276455532B,0,,,,,,
M10166A,GALAXY NOTE20 ULTRA 5G 128GB BLACK,887276433448,0,,,,,,
M10166B,CERTIFIED PRE-OWNED SAMSUNG GALAXY NOTE20 ULTRA 5G 128GB BLACK,887276433448B,0,,,,,,
M10167A,GALAXY NOTE20 ULTRA 5G 512GB BLACK,887276455549,0,,,,,,
M10167B,CERTIFIED PRE-OWNED SAMSUNG GALAXY NOTE20 ULTRA 5G 512GB BLACK,887276455549B,0,,,,,,
M10168A,SAMSUNG GALAXY S20 FE 128GB POWDERED NAVY,887276460444,0,,,,,,
M10168B,CERTIFIED PRE-OWNED SAMSUNG GALAXY S20 FE 128GB POWDERED NAVY,850041722399,0,,,,,,
M10169A,SAMSUNG GALAXY S20 FE 128GB SILKY LAVENDER,887276460451,0,,,,,,
M10169B,CERTIFIED PRE-OWNED SAMSUNG GALAXY S20 FE 128GB SILKY LAVENDER,850041722405,0,,,,,,
M10170A,SAMSUNG GALAXY S20 FE 128GB MYSTIC GREEN,887276466910,0,,,,,,
M10170B,CERTIFIED PRE-OWNED SAMSUNG GALAXY S20 FE 128GB MYSTIC GREEN,850041722412,0,,,,,,
M10171A,MOTO E 32GB MIDNIGHT BLUE,840023202667,0,,,,,,
M10172A,IPHONE 12 MINI 64GB BLACK - MIN ORDER QTY 200,194252012291,0,,,,,,
M10172B,CERTIFIED PRE-OWNED IPHONE 12 MINI 64GB BLACK,850041722429,0,,,,,,
M10173A,IPHONE 12 MINI 128GB BLACK - MIN ORDER QTY 200,194252012345,0,,,,,,
M10173B,CERTIFIED PRE-OWNED IPHONE 12 MINI 128GB BLACK,850041722436,0,,,,,,
M10175A,IPHONE 12 MINI 64GB (PRODUCT) RED - MIN ORDER QTY 200,194252012314,0,,,,,,
M10175B,CERTIFIED PRE-OWNED IPHONE 12 MINI 64GB (PRODUCT)RED ,850041722443,0,,,,,,
M10176A,IPHONE 12 MINI 128GB (PRODUCT) RED - MIN ORDER QTY 200,194252012369,0,,,,,,
M10176B,CERTIFIED PRE-OWNED IPHONE 12 MINI 128GB (PRODUCT)RED,850041722450,0,,,,,,
M10178A,IPHONE 12 MINI 64GB WHITE - MIN ORDER QTY 200,194252012307,0,,,,,,
M10178B,CERTIFIED PRE-OWNED IPHONE 12 MINI 64GB WHITE,850041722467,0,,,,,,
M10179A,IPHONE 12 MINI 128GB WHITE - MIN ORDER QTY 200,194252012352,0,,,,,,
M10179B,CERTIFIED PRE-OWNED IPHONE 12 MINI 128GB WHITE,850041722474,0,,,,,,
M10181A,IPHONE 12 64GB BLACK - MIN ORDER QTY 170,194252028698,0,,,,,,
M10181B,CERTIFIED PRE-OWNED IPHONE 12 64GB BLACK,850041722481,0,,,,,,
M10182A,IPHONE 12 128GB BLACK - MIN ORDER QTY 170,194252028742,0,,,,,,
M10182B,CERTIFIED PRE-OWNED IPHONE 12 128GB BLACK,850041722498,0,,,,,,
M10183A,IPHONE 12 256GB BLACK - MIN ORDER QTY 170,194252028797,0,,,,,,
M10183B,CERTIFIED PRE-OWNED IPHONE 12 256GB BLACK,850041722504,0,,,,,,
M10184A,IPHONE 12 64GB WHITE - MIN ORDER QTY 170,194252028704,0,,,,,,
M10184B,CERTIFIED PRE-OWNED IPHONE 12 64GB WHITE,850041722511,0,,,,,,
M10185A,IPHONE 12 128GB WHITE - MIN ORDER QTY 170,194252028759,0,,,,,,
M10185B,CERTIFIED PRE-OWNED IPHONE 12 128GB WHITE,850041722528,0,,,,,,
M10186A,IPHONE 12 256GB WHITE - MIN ORDER QTY 170,194252028803,0,,,,,,
M10186B,CERTIFIED PRE-OWNED IPHONE 12 256GB WHITE,850041722535,0,,,,,,
M10192A,IPHONE 12 PRO 128GB SILVER - MIN ORDER QTY 170,194252036907,0,,,,,,
M10192B,CERTIFIED PRE-OWNED IPHONE 12 PRO 128GB SILVER,850041722542,0,,,,,,
M10194A,IPHONE 12 PRO 512GB SILVER - MIN ORDER QTY 170,194252036983,0,,,,,,
M10194B,CERTIFIED PRE-OWNED IPHONE 12 PRO 512GB SILVER,850041722559,0,,,,,,
M10200A,IPHONE 12 PRO MAX 128GB SILVER - MIN ORDER QTY 170,194252020418,0,,,,,,
M10200B,CERTIFIED PRE-OWNED IPHONE 12 PRO MAX 128GB SILVER,850041722566,0,,,,,,
M10202A,IPHONE 12 PRO MAX 512GB SILVER - MIN ORDER QTY 170,194252020494,0,,,,,,
M10202B,CERTIFIED PRE-OWNED IPHONE 12 PRO MAX 512GB SILVER,850041722573,0,,,,,,
M10204A,IPHONE 12 PRO MAX 128GB GRAPHITE - MIN ORDER QTY 170,194252020401,0,,,,,,
M10204B,CERTIFIED PRE-OWNED IPHONE 12 PRO MAX 128GB GRAPHITE,850041722580,0,,,,,,
M10206A,IPHONE 12 PRO MAX 512GB GRAPHITE - MIN ORDER QTY 170,194252020487,0,,,,,,
M10206B,CERTIFIED PRE-OWNED IPHONE 12 PRO MAX 512GB GRAPHITE ,850041722597,0,,,,,,
M10210A,IPHONE 12 MINI 64GB BLUE - MIN ORDER QTY 200,194252012321,0,,,,,,
M10210B,CERTIFIED PRE-OWNED IPHONE 12 MINI 64GB BLUE,850041722603,0,,,,,,
M10211A,IPHONE 12 MINI 128GB BLUE - MIN ORDER QTY 200,194252012376,0,,,,,,
M10211B,CERTIFIED PRE-OWNED IPHONE 12 MINI 128GB BLUE,850041722610,0,,,,,,
M10213A,IPHONE 12 64GB (PRODUCT) RED - MIN ORDER QTY 170,194252028711,0,,,,,,
M10213B,CERTIFIED PRE-OWNED IPHONE 12 64GB (PRODUCT)RED,850041722627,0,,,,,,
M10214A,IPHONE 12 128GB (PRODUCT) RED - MIN ORDER QTY 170,194252028766,0,,,,,,
M10214B,CERTIFIED PRE-OWNED IPHONE 12 128GB (PRODUCT)RED,850041722634,0,,,,,,
M10215A,IPHONE 12 256GB (PRODUCT) RED - MIN ORDER QTY 170,194252028810,0,,,,,,
M10215B,CERTIFIED PRE-OWNED IPHONE 12 256GB (PRODUCT)RED,850041722641,0,,,,,,
M10219A,IPHONE 12 64GB BLUE - MIN ORDER QTY 170,194252028728,0,,,,,,
M10219B,CERTIFIED PRE-OWNED IPHONE 12 64GB BLUE,850041722658,0,,,,,,
M10220A,IPHONE 12 128GB BLUE - MIN ORDER QTY 170,194252028773,0,,,,,,
M10220B,CERTIFIED PRE-OWNED IPHONE 12 128GB BLUE,850041722665,0,,,,,,
M10221A,IPHONE 12 256GB BLUE - MIN ORDER QTY 170,194252028827,0,,,,,,
M10221B,CERTIFIED PRE-OWNED IPHONE 12 256GB BLUE,850041722672,0,,,,,,
M10222A,IPHONE 12 PRO 128GB GRAPHITE - MIN ORDER QTY 170,194252036891,0,,,,,,
M10222B,CERTIFIED PRE-OWNED IPHONE 12 PRO 128GB GRAPHITE,850041722689,0,,,,,,
M10224A,IPHONE 12 PRO 512GB GRAPHITE - MIN ORDER QTY 170,194252036976,0,,,,,,
M10224B,CERTIFIED PRE-OWNED IPHONE 12 PRO 512GB GRAPHITE,850041722696,0,,,,,,
M10225A,IPHONE 12 PRO 128GB PACIFIC BLUE - MIN ORDER QTY 170,194252036921,0,,,,,,
M10225B,CERTIFIED PRE-OWNED IPHONE 12 PRO 128GB PACIFIC BLUE,850041722702,0,,,,,,
M10227A,IPHONE 12 PRO 512GB PACIFIC BLUE - MIN ORDER QTY 170,194252037003,0,,,,,,
M10227B,CERTIFIED PRE-OWNED IPHONE 12 PRO 512GB PACIFIC BLUE,850041722719,0,,,,,,
M10228A,IPHONE 12 PRO MAX 128GB PACIFIC BLUE - MIN ORDER QTY 170,194252020432,0,,,,,,
M10228B,CERTIFIED PRE-OWNED IPHONE 12 PRO MAX 128GB PACIFIC BLUE,850041722726,0,,,,,,
M10230A,IPHONE 12 PRO MAX 512GB PACIFIC BLUE - MIN ORDER QTY 170,194252020517,0,,,,,,
M10230B,CERTIFIED PRE-OWNED IPHONE 12 PRO MAX 512GB PACIFIC BLUE,850041722733,0,,,,,,
M10231A,MOTO G PLAY 32GB MISTY BLUE,840023207488,0,,,,,,
M10231B,CERTIFIED PRE-OWNED MOTO G PLAY 32GB MISTY BLUE   (RENEWED - UNLOCKED),840023207488CPO,0,,,,,,
M10232A,MOTOROLA ONE 5G ACE 64GB VOLCANIC GREY,840023209949,0,,,,,,
M10233A,SAMSUNG GALAXY S21 5G PHANTOM GRAY 128GB,887276503721,0,,,,,,
M10233B,CERTIFIED PRE-OWNED SAMSUNG GALAXY S21 5G PHANTOM GRAY 128GB,850041722740,0,,,,,,
M10234A,SAMSUNG GALAXY S21 5G PHANTOM WHITE 128GB,887276514284,0,,,,,,
M10234B,CERTIFIED PRE-OWNED SAMSUNG GALAXY S21 5G PHANTOM WHITE 128GB,850041722757,0,,,,,,
M10235A,SAMSUNG GALAXY S21 5G PHANTOM VIOLET 128GB,887276514475,0,,,,,,
M10235B,CERTIFIED PRE-OWNED SAMSUNG GALAXY S21 5G PHANTOM VIOLET 128GB,850041722764,0,,,,,,
M10236A,SAMSUNG GALAXY S21 5G PHANTOM GRAY 256GB,887276514802,0,,,,,,
M10236B,CERTIFIED PRE-OWNED SAMSUNG GALAXY S21 5G PHANTOM GRAY 256GB,850041722771,0,,,,,,
M10237A,SAMSUNG GALAXY S21+ 5G PHANTOM BLACK 128GB,887276514994,0,,,,,,
M10237B,CERTIFIED PRE-OWNED SAMSUNG GALAXY S21+ 5G PHANTOM BLACK 128GB,850041722788,0,,,,,,
M10238A,SAMSUNG GALAXY S21+ 5G PHANTOM SILVER 128GB,887276515465,0,,,,,,
M10238B,CERTIFIED PRE-OWNED SAMSUNG GALAXY S21+ 5G PHANTOM SILVER 128GB,850041722795,0,,,,,,
M10239A,SAMSUNG GALAXY S21+ 5G PHANTOM BLACK 256GB,887276514901,0,,,,,,
M10239B,CERTIFIED PRE-OWNED SAMSUNG GALAXY S21+ 5G PHANTOM BLACK 256GB,850041722801,0,,,,,,
M10240A,SAMSUNG GALAXY S21 ULTRA 5G PHANTOM BLACK 128GB,887276513515,0,,,,,,
M10240B,CERTIFIED PRE-OWNED SAMSUNG GALAXY S21 ULTRA 5G PHANTOM BLACK 128GB,850041722818,0,,,,,,
M10241A,SAMSUNG GALAXY S21 ULTRA 5G PHANTOM SILVER 128GB,887276513508,0,,,,,,
M10241B,CERTIFIED PRE-OWNED SAMSUNG GALAXY S21 ULTRA 5G PHANTOM SILVER 128GB,850041722825,0,,,,,,
M10242A,SAMSUNG GALAXY S21 ULTRA 5G PHANTOM BLACK 512GB,887276513522,0,,,,,,
M10242B,CERTIFIED PRE-OWNED SAMSUNG GALAXY S21 ULTRA 5G PHANTOM BLACK 512GB,850041722832,0,,,,,,
M10243A,IPHONE SE 64GB BLACK (SIM-FREE) - MIN ORDER QTY 10,194252145319,0,,,,,,
M10243B,CERTIFIED PRE-OWNED IPHONE SE 64GB BLACK (RENEWED - UNLOCKED),194252145319CPO,0,,,,,,
M10244A,IPHONE SE 64GB WHITE (SIM-FREE) - MIN ORDER QTY 10,194252145333,0,,,,,,
M10244B,CERTIFIED PRE-OWNED IPHONE SE 64GB WHITE (RENEWED - UNLOCKED),194252145333CPO,0,,,,,,
M10245A,IPHONE SE 64GB (PRODUCT)RED (SIM-FREE) - MIN ORDER QTY 10,194252145357,0,,,,,,
M10245B,CERTIFIED PRE-OWNED IPHONE SE 64GB (PRODUCT)RED (RENEWED - UNLOCKED),194252145357CPO,0,,,,,,
M10246A,IPHONE SE 128GB BLACK (SIM-FREE) - MIN ORDER QTY 10,194252145371,0,,,,,,
M10246B,CERTIFIED PRE-OWNED IPHONE SE 128GB BLACK (RENEWED - UNLOCKED),194252145371CPO,0,,,,,,
M10248A,IPHONE 11 128GB BLACK (SIM-FREE)-NP - MIN ORDER QTY 120,194252096833,0,,,,,,
M10248B,CERTIFIED PRE-OWNED IPHONE 11 128GB BLACK (RENEWED - UNLOCKED),194252096833CPO,0,,,,,,
M10252A,GALAXY A12 BLACK 32GB,887276539799,0,,,,,,
M10252B,CERTIFIED PRE-OWNED GALAXY A12 BLACK 32GB (RENEWED - UNLOCKED),887276539799CPO,0,,,,,,
M10253A,GALAXY A32 5G BLACK 64GB,887276529950,0,,,,,,
M10254A,GALAXY A42 5G BLACK 128GB,887276539737,0,,,,,,
M10255A,IPHONE 12 64GB PURPLE (SIM-FREE),194252429686,0,,,,,,
M10256A,IPHONE 12 128GB PURPLE (SIM-FREE),194252429693,0,,,,,,
M10256B,CERTIFIED PRE-OWNED IPHONE 12 128GB PURPLE,850041722849,0,,,,,,
M10259A,IPHONE 12 MINI 128GB PURPLE (SIM-FREE),194252431559,0,,,,,,
M10259B,CERTIFIED PRE-OWNED IPHONE 12 MINI 128GB PURPLE,850041722856,0,,,,,,
M10261B,CERTIFIED PRE-OWNED GALAXY S21 FE OLIVE 128GB,887276587479,0,,,,,,
M10262B,CERTIFIED PRE-OWNED GALAXY S21 FE WHITE 128GB,887276589091,0,,,,,,
M10263A,GALAXY Z FLIP 3 5G/PHANTOM BLACK/128GB,887276601830,0,,,,,,
M10263B,CERTIFIED PRE-OWNED SAMSUNG GALAXY Z FLIP 3 5G PHANTOM BLACK 128GB,850041722863,0,,,,,,
M10264A,GALAXY Z FLIP 3 5G/CREAM/128GB,887276601854,0,,,,,,
M10264B,CERTIFIED PRE-OWNED SAMSUNG GALAXY Z FLIP 3 5G CREAM 128GB,850041722870,0,,,,,,
M10265A,GALAXY Z FLIP 3 5G/LAVENDER/128GB,887276587448,0,,,,,,
M10265B,CERTIFIED PRE-OWNED SAMSUNG GALAXY Z FLIP 3 5G LAVENDER 128GB,850041722887,0,,,,,,
M10266A,GALAXY S21 FE GRAPHITE 128GB,887276571034,0,,,,,,
M10266B,CERTIFIED PRE-OWNED GALAXY S21 FE GRAPHITE 128GB,850042501993,0,,,,,,
M10270A,MOTOROLA G PURE,840023223228,0,,,,,,
M10271A,MOTO G STYLUS 5G COSMIC EMERALD 256GB,840023216947,0,,,,,,
M10275A,TCL BREMEN 5G,889063518697,0,,,,,,
M10280A,IPHONE 13 128GB MIDNIGHT (SIM-FREE),194252705391,0,,,,,,
M10280B,CERTIFIED PRE-OWNED IPHONE 13 128GB MIDNIGHT,850041722894,0,,,,,,
M10281A,IPHONE 13 128GB STARLIGHT (SIM-FREE),194252705421,0,,,,,,
M10281B,CERTIFIED PRE-OWNED IPHONE 13 128GB STARLIGHT,850041722900,0,,,,,,
M10282A,IPHONE 13 128GB PINK (SIM-FREE),194252705452,0,,,,,,
M10282B,CERTIFIED PRE-OWNED IPHONE 13 128GB PINK,850041722917,0,,,,,,
M10283A,IPHONE 13 128GB (PRODUCT)RED (SIM-FREE),194252705483,0,,,,,,
M10283B,CERTIFIED PRE-OWNED IPHONE 13 128GB (PRODUCT)RED,850041722924,0,,,,,,
M10284A,IPHONE 13 128GB BLUE (SIM-FREE),194252705513,0,,,,,,
M10284B,CERTIFIED PRE-OWNED IPHONE 13 128GB BLUE,850041722931,0,,,,,,
M10285A,IPHONE 13 256GB MIDNIGHT (SIM-FREE),194252705544,0,,,,,,
M10285B,CERTIFIED PRE-OWNED IPHONE 13 256GB MIDNIGHT,850041722948,0,,,,,,
M10286A,IPHONE 13 256GB STARLIGHT (SIM-FREE),194252705575,0,,,,,,
M10286B,CERTIFIED PRE-OWNED IPHONE 13 256GB STARLIGHT,850041722955,0,,,,,,
M10287A,IPHONE 13 256GB PINK (SIM-FREE),194252705605,0,,,,,,
M10287B,CERTIFIED PRE-OWNED IPHONE 13 256GB PINK,850041722962,0,,,,,,
M10288A,IPHONE 13 256GB (PRODUCT)RED (SIM-FREE),194252705636,0,,,,,,
M10288B,CERTIFIED PRE-OWNED IPHONE 13 256GB (PRODUCT)RED (SIM-FREE),850041722993,0,,,,,,
M10289A,IPHONE 13 256GB BLUE (SIM-FREE),194252705667,0,,,,,,
M10289B,CERTIFIED PRE-OWNED IPHONE 13 256GB BLUE,850041722979,0,,,,,,
M10290A,IPHONE 13 512GB MIDNIGHT (SIM-FREE),194252705698,0,,,,,,
M10290B,CERTIFIED PRE-OWNED IPHONE 13 512GB MIDNIGHT,850042501399,0,,,,,,
M10291A,IPHONE 13 512GB STARLIGHT (SIM-FREE),194252705728,0,,,,,,
M10291B,CERTIFIED PRE-OWNED IPHONE 13 512GB STARLIGHT (SIM-FREE),850041722986,0,,,,,,
M10292A,IPHONE 13 512GB PINK (SIM-FREE),194252705759,0,,,,,,
M10292B,CERTIFIED PRE-OWNED IPHONE 13 512GB PINK,850042501405,0,,,,,,
M10293A,IPHONE 13 512GB (PRODUCT)RED (SIM-FREE),194252705780,0,,,,,,
M10293B,CERTIFIED PRE-OWNED IPHONE 13 512GB (PRODUCT)RED (SIM-FREE),850042501009,0,,,,,,
M10294A,IPHONE 13 512GB BLUE (SIM-FREE),194252705810,0,,,,,,
M10294B,CERTIFIED PRE-OWNED IPHONE 13 512GB BLUE,850042501412,0,,,,,,
M10295A,IPHONE 13 MINI 128GB MIDNIGHT (SIM-FREE),194252687116,0,,,,,,
M10295B,CERTIFIED PRE-OWNED IPHONE 13 MINI 128GB MIDNIGHT,850042501429,0,,,,,,
M10296A,IPHONE 13 MINI 128GB STARLIGHT (SIM-FREE),194252687185,0,,,,,,
M10296B,CERTIFIED PRE-OWNED IPHONE 13 MINI 128GB STARLIGHT,850042501436,0,,,,,,
M10297A,IPHONE 13 MINI 128GB PINK (SIM-FREE),194252687253,0,,,,,,
M10297B,CERTIFIED PRE-OWNED IPHONE 13 MINI 128GB PINK,850042501443,0,,,,,,
M10298A,IPHONE 13 MINI 128GB (PRODUCT)RED (SIM-FREE),194252687321,0,,,,,,
M10298B,CERTIFIED PRE-OWNED IPHONE 13 MINI 128GB (PRODUCT)RED,850042501450,0,,,,,,
M10299A,IPHONE 13 MINI 128GB BLUE (SIM-FREE),194252687390,0,,,,,,
M10299B,CERTIFIED PRE-OWNED IPHONE 13 MINI 128GB BLUE,850042501054,0,,,,,,
M10300A,IPHONE 13 MINI 256GB MIDNIGHT (SIM-FREE),194252687468,0,,,,,,
M10300B,CERTIFIED PRE-OWNED IPHONE 13 MINI 256GB MIDNIGHT,850042501061,0,,,,,,
M10301A,IPHONE 13 MINI 256GB STARLIGHT (SIM-FREE),194252687536,0,,,,,,
M10301B,CERTIFIED PRE-OWNED IPHONE 13 MINI 256GB STARLIGHT,850042501078,0,,,,,,
M10302A,IPHONE 13 MINI 256GB PINK (SIM-FREE),194252687604,0,,,,,,
M10302B,CERTIFIED PRE-OWNED IPHONE 13 MINI 256GB PINK,850042501498,0,,,,,,
M10303A,IPHONE 13 MINI 256GB (PRODUCT)RED (SIM-FREE),194252687673,0,,,,,,
M10303B,CERTIFIED PRE-OWNED IPHONE 13 MINI 256GB (PRODUCT)RED (SIM-FREE),850042501030,0,,,,,,
M10304A,IPHONE 13 MINI 256GB BLUE (SIM-FREE),194252687741,0,,,,,,
M10304B,CERTIFIED PRE-OWNED IPHONE 13 MINI 256GB BLUE (SIM-FREE) (RENEWED - UNLOCKED),850042501016,0,,,,,,
M10305A,IPHONE 13 MINI 512GB MIDNIGHT (SIM-FREE),194252687819,0,,,,,,
M10305B,CERTIFIED PRE-OWNED IPHONE 13 MINI 512GB MIDNIGHT (SIM-FREE),850042501047,0,,,,,,
M10306A,IPHONE 13 MINI 512GB STARLIGHT (SIM-FREE),194252687888,0,,,,,,
M10306B,CERTIFIED PRE-OWNED IPHONE 13 MINI 512GB STARLIGHT (SIM-FREE),850042501023,0,,,,,,
M10307A,IPHONE 13 MINI 512GB PINK (SIM-FREE),194252687956,0,,,,,,
M10307B,CERTIFIED PRE-OWNED IPHONE 13 MINI 512GB PINK (SIM-FREE),850042501085,0,,,,,,
M10308A,IPHONE 13 MINI 512GB (PRODUCT)RED (SIM-FREE),194252688021,0,,,,,,
M10308B,CERTIFIED PRE-OWNED IPHONE 13 MINI 512GB (PRODUCT)RED (SIM-FREE),850042501542,0,,,,,,
M10309A,IPHONE 13 MINI 512GB BLUE (SIM-FREE),194252688090,0,,,,,,
M10309B,CERTIFIED PRE-OWNED IPHONE 13 MINI 512GB BLUE (SIM-FREE),850042501580,0,,,,,,
M10310A,IPHONE 13 PRO 128GB GRAPHITE (SIM-FREE),194252714096,0,,,,,,
M10310B,CERTIFIED PRE-OWNED IPHONE 13 PRO 128GB GRAPHITE,850042501504,0,,,,,,
M10311A,IPHONE 13 PRO 128GB SILVER (SIM-FREE),194252714126,0,,,,,,
M10311B,CERTIFIED PRE-OWNED IPHONE 13 PRO 128GB SILVER,850042501108,0,,,,,,
M10312A,IPHONE 13 PRO 128GB GOLD (SIM-FREE),194252714157,0,,,,,,
M10312B,CERTIFIED PRE-OWNED IPHONE 13 PRO 128GB GOLD,850042501528,0,,,,,,
M10313A,IPHONE 13 PRO 128GB SIERRA BLUE (SIM-FREE),194252714188,0,,,,,,
M10313B,CERTIFIED PRE-OWNED IPHONE 13 PRO 128GB SIERRA BLUE,850042501535,0,,,,,,
M10314A,IPHONE 13 PRO 256GB GRAPHITE (SIM-FREE),194252714218,0,,,,,,
M10314B,CERTIFIED PRE-OWNED IPHONE 13 PRO 256GB GRAPHITE,850042501139,0,,,,,,
M10315A,IPHONE 13 PRO 256GB SILVER (SIM-FREE),194252714249,0,,,,,,
M10315B,CERTIFIED PRE-OWNED IPHONE 13 PRO 256GB SILVER,850042501146,0,,,,,,
M10316A,IPHONE 13 PRO 256GB GOLD (SIM-FREE),194252714270,0,,,,,,
M10316B,CERTIFIED PRE-OWNED IPHONE 13 PRO 256GB GOLD,850042501153,0,,,,,,
M10317A,IPHONE 13 PRO 256GB SIERRA BLUE (SIM-FREE),194252714300,0,,,,,,
M10317B,CERTIFIED PRE-OWNED IPHONE 13 PRO 256GB SIERRA BLUE,850042501160,0,,,,,,
M10318A,IPHONE 13 PRO 512GB GRAPHITE (SIM-FREE),194252714331,0,,,,,,
M10318B,CERTIFIED PRE-OWNED IPHONE 13 PRO 512GB GRAPHITE,850042501177,0,,,,,,
M10319A,IPHONE 13 PRO 512GB SILVER (SIM-FREE),194252714362,0,,,,,,
M10319B,CERTIFIED PRE-OWNED IPHONE 13 PRO 512GB SILVER,850042501597,0,,,,,,
M10320A,IPHONE 13 PRO 512GB GOLD (SIM-FREE),194252714393,0,,,,,,
M10320B,CERTIFIED PRE-OWNED IPHONE 13 PRO 512GB GOLD ,850042501603,0,,,,,,
M10321A,IPHONE 13 PRO 512GB SIERRA BLUE (SIM-FREE),194252714423,0,,,,,,
M10321B,CERTIFIED PRE-OWNED IPHONE 13 PRO 512GB SIERRA BLUE,850042501207,0,,,,,,
M10322A,IPHONE 13 PRO 1TB GRAPHITE (SIM-FREE),194252714454,0,,,,,,
M10322B,CERTIFIED PRE-OWNED IPHONE 13 PRO 1TB GRAPHITE,850042501627,0,,,,,,
M10323A,IPHONE 13 PRO 1TB SILVER (SIM-FREE),194252714485,0,,,,,,
M10323B,CERTIFIED PRE-OWNED IPHONE 13 PRO 1TB SILVER,850042501221,0,,,,,,
M10324A,IPHONE 13 PRO 1TB GOLD (SIM-FREE),194252714515,0,,,,,,
M10324B,CERTIFIED PRE-OWNED IPHONE 13 PRO 1TB GOLD,850042501641,0,,,,,,
M10325A,IPHONE 13 PRO 1TB SIERRA BLUE (SIM-FREE),194252714546,0,,,,,,
M10325B,CERTIFIED PRE-OWNED IPHONE 13 PRO 1TB SIERRA BLUE (SIM-FREE),850042501238,0,,,,,,
M10326A,IPHONE 13 PRO MAX 128GB GRAPHITE (SIM-FREE),194252697412,0,,,,,,
M10326B,CERTIFIED PRE-OWNED IPHONE 13 PRO MAX 128GB GRAPHITE,850042501245,0,,,,,,
M10327A,IPHONE 13 PRO MAX 128GB SILVER (SIM-FREE),194252697436,0,,,,,,
M10327B,CERTIFIED PRE-OWNED IPHONE 13 PRO MAX 128GB SILVER,850042501665,0,,,,,,
M10328A,IPHONE 13 PRO MAX 128GB GOLD (SIM-FREE),194252697450,0,,,,,,
M10328B,CERTIFIED PRE-OWNED IPHONE 13 PRO MAX 128GB GOLD,850042501672,0,,,,,,
M10329A,IPHONE 13 PRO MAX 128GB SIERRA BLUE (SIM-FREE),194252697474,1,,,,,,
M10329B,CERTIFIED PRE-OWNED IPHONE 13 PRO MAX 128GB SIERRA BLUE,850042501689,0,,,,,,
M10330A,IPHONE 13 PRO MAX 256GB GRAPHITE (SIM-FREE),194252697498,0,,,,,,
M10330B,CERTIFIED PRE-OWNED IPHONE 13 PRO MAX 256GB GRAPHITE,850042501283,0,,,,,,
M10331A,IPHONE 13 PRO MAX 256GB SILVER (SIM-FREE),194252697511,0,,,,,,
M10331B,CERTIFIED PRE-OWNED IPHONE 13 PRO MAX 256GB SILVER,850042501702,0,,,,,,
M10332A,IPHONE 13 PRO MAX 256GB GOLD (SIM-FREE),194252697535,0,,,,,,
M10332B,CERTIFIED PRE-OWNED IPHONE 13 PRO MAX 256GB GOLD,850042501306,0,,,,,,
M10333A,IPHONE 13 PRO MAX 256GB SIERRA BLUE (SIM-FREE),194252697559,0,,,,,,
M10333B,CERTIFIED PRE-OWNED IPHONE 13 PRO MAX 256GB SIERRA BLUE,850042501726,0,,,,,,
M10334A,IPHONE 13 PRO MAX 512GB GRAPHITE (SIM-FREE),194252697573,0,,,,,,
M10334B,CERTIFIED PRE-OWNED IPHONE 13 PRO MAX 512GB GRAPHITE,850042501320,0,,,,,,
M10335A,IPHONE 13 PRO MAX 512GB SILVER (SIM-FREE),194252697597,0,,,,,,
M10335B,CERTIFIED PRE-OWNED IPHONE 13 PRO MAX 512GB SILVER (SIM-FREE),850042501740,0,,,,,,
M10336A,IPHONE 13 PRO MAX 512GB GOLD (SIM-FREE),194252697610,0,,,,,,
M10336B,CERTIFIED PRE-OWNED IPHONE 13 PRO MAX 512GB GOLD,850042501337,0,,,,,,
M10337A,IPHONE 13 PRO MAX 512GB SIERRA BLUE (SIM-FREE),194252697634,0,,,,,,
M10337B,CERTIFIED PRE-OWNED IPHONE 13 PRO MAX 512GB SIERRA BLUE,850042501344,0,,,,,,
M10338A,IPHONE 13 PRO MAX 1TB GRAPHITE (SIM-FREE),194252697658,0,,,,,,
M10338B,CERTIFIED PRE-OWNED IPHONE 13 PRO MAX 1TB GRAPHITE,850042501351,0,,,,,,
M10339A,IPHONE 13 PRO MAX 1TB SILVER (SIM-FREE),194252697672,0,,,,,,
M10339B,CERTIFIED PRE-OWNED IPHONE 13 PRO MAX 1TB SILVER,850042501368,0,,,,,,
M10340A,IPHONE 13 PRO MAX 1TB GOLD (SIM-FREE),194252697696,0,,,,,,
M10340B,CERTIFIED PRE-OWNED IPHONE 13 PRO MAX 1TB GOLD,850042501375,0,,,,,,
M10341A,IPHONE 13 PRO MAX 1TB SIERRA BLUE (SIM-FREE),194252697719,0,,,,,,
M10341B,CERTIFIED PRE-OWNED IPHONE 13 PRO MAX 1TB SIERRA BLUE,850042501382,0,,,,,,
M10345A,GALAXY A03S 32GB BLACK,887276618449,0,,,,,,
M10345B,CERTIFIED PRE-OWNED GALAXY A03S 32GB BLACK,887276618449,0,,,,,,
M10346A,GALAXY A13 5G 64GB BLACK,887276616971,0,,,,,,
M10346B,CERTIFIED PRE-OWNED GALAXY A13 5G 64GB BLACK,887276616971,0,,,,,,
M10347A,GALAXY A53 5G 128GB BLACK,887276632858,0,,,,,,
M10347B,CERTIFIED PRE-OWNED GALAXY A53 5G 128GB BLACK,850042501856,0,,,,,,
M10350A,GALAXY S22 128GB PHANTOM BLACK,887276616377,0,,,,,,
M10350B,CERTIFIED PRE-OWNED GALAXY S22 128GB PHANTOM BLACK,850042501863,0,,,,,,
M10351A,GALAXY S22 128GB PHANTOM WHITE,887276624440,0,,,,,,
M10351B,CERTIFIED PRE-OWNED GALAXY S22 128GB PHANTOM WHITE,850042501870,0,,,,,,
M10352A,GALAXY S22 128GB PINK GOLD,887276624549,0,,,,,,
M10352B,CERTIFIED PRE-OWNED GALAXY S22 128GB PINK GOLD,850042501887,0,,,,,,
M10353A,GALAXY S22 128GB GREEN,887276624501,0,,,,,,
M10353B,CERTIFIED PRE-OWNED GALAXY S22 128GB GREEN,850042501511,0,,,,,,
M10358A,GALAXY S22 PLUS 128GB PHANTOM BLACK,887276616346,0,,,,,,
M10358B,CERTIFIED PRE-OWNED GALAXY S22 PLUS 128GB PHANTOM BLACK,850042501894,0,,,,,,
M10359A,GALAXY S22 PLUS 128GB PHANTOM WHITE,887276623689,0,,,,,,
M10359B,CERTIFIED PRE-OWNED GALAXY S22 PLUS 128GB PHANTOM WHITE,850042501900,0,,,,,,
M10366A,GALAXY S22 ULTRA 128GB PHANTOM BLACK,887276615332,0,,,,,,
M10366B,CERTIFIED PRE-OWNED GALAXY S22 ULTRA 128GB PHANTOM BLACK,850042501917,0,,,,,,
M10368A,GALAXY S22 ULTRA 128GB BURGUNDY,887276623092,0,,,,,,
M10368B,CERTIFIED PRE-OWNED GALAXY S22 ULTRA 128GB BURGUNDY,850042501924,0,,,,,,
M10374A,GALAXY S22 ULTRA 512GB PHANTOM BLACK,887276623054,0,,,,,,
M10374B,CERTIFIED PRE-OWNED GALAXY S22 ULTRA 512GB PHANTOM BLACK,850042501931,0,,,,,,
M10380A,IPHONE 13 128GB GREEN (SIM-FREE),194253128458,0,,,,,,
M10380B,CERTIFIED PRE-OWNED IPHONE 13 128GB GREEN (SIM-FREE),850042501801,0,,,,,,
M10383A,IPHONE 13 MINI 128GB GREEN (SIM-FREE),194253120797,0,,,,,,
M10383B,CERTIFIED PRE-OWNED IPHONE 13 MINI 128GB GREEN (SIM-FREE),850042501818,0,,,,,,
M10386A,IPHONE 13 PRO 128GB ALPINE GREEN (SIM-FREE),194253118831,0,,,,,,
M10386B,CERTIFIED PRE-OWNED IPHONE 13 PRO 128GB ALPINE GREEN (SIM-FREE),850042501825,0,,,,,,
M10390A,IPHONE 13 PRO MAX 128GB ALPINE GREEN (SIM-FREE),194253124030,0,,,,,,
M10390B,CERTIFIED PRE-OWNED IPHONE 13 PRO MAX 128GB ALPINE GREEN (SIM-FREE),850042501832,0,,,,,,
M10394A,IPHONE SE 64GB MIDNIGHT (SIM-FREE)(2022),194253012580,0,,,,,,
M10394B,CERTIFIED PRE-OWNED IPHONE SE 64GB MIDNIGHT (SIM-FREE)(2022),850042501948,0,,,,,,
M10395A,IPHONE SE 64GB STARLIGHT (SIM-FREE)(2022),194253012627,0,,,,,,
M10395B,CERTIFIED PRE-OWNED IPHONE SE 64GB STARLIGHT (SIM-FREE)(2022),850042501955,0,,,,,,
M10396A,IPHONE SE 64GB (PRODUCT)RED (SIM-FREE)(2022),194253012665,0,,,,,,
M10396B,CERTIFIED PRE-OWNED IPHONE SE 64GB (PRODUCT)RED (SIM-FREE)(2022),850042501962,0,,,,,,
M10397A,IPHONE SE 128GB MIDNIGHT (SIM-FREE)(2022),194253012702,0,,,,,,
M10397B,CERTIFIED PRE-OWNED IPHONE SE 128GB MIDNIGHT (SIM-FREE)(2022),850042501979,0,,,,,,
M10400A,IPHONE SE 256GB MIDNIGHT (SIM-FREE)(2022),194253012825,0,,,,,,
M10400B,CERTIFIED PRE-OWNED IPHONE SE 256GB MIDNIGHT (SIM-FREE)(2022),850042501986,0,,,,,,
M10403A,MOTO G 5G 256GB MOONLIGHT GRAY,840023225987,0,,,,,,
M10404A,MOTO G STYLUS 5G (2022) 256GB STEEL BLUE,840023226427,0,,,,,,
M10405A,GALAXY Z-FLIP 4 128GB BORA PURPLE,887276702803,0,,,,,,
M10405B,CERTIFIED PRE-OWNED GALAXY Z-FLIP 4 128GB BORA PURPLE,810137490182,0,,,,,,
M10406A,GALAXY Z-FLIP 4 128GB GRAPHITE,887276669991,0,,,,,,
M10406B,CERTIFIED PRE-OWNED GALAXY Z-FLIP 4 128GB GRAPHITE,810137490199,0,,,,,,
M10410A,IPHONE 14 128GB MIDNIGHT,194253407980,0,,,,,,
M10410B,CERTIFIED PRE-OWNED IPHONE 14 128GB MIDNIGHT,810137490007,0,,,,,,
M10411A,IPHONE 14 128GB STARLIGHT,194253408314,0,,,,,,
M10411B,CERTIFIED PRE-OWNED IPHONE 14 128GB STARLIGHT,850042501184,0,,,,,,
M10412A,IPHONE 14 128GB PURPLE,194253408642,0,,,,,,
M10412B,CERTIFIED PRE-OWNED IPHONE 14 128GB PURPLE,850042501122,0,,,,,,
M10413A,IPHONE 14 128GB (PRODUCT)RED,194253408970,0,,,,,,
M10413B,CERTIFIED PRE-OWNED IPHONE 14 128GB (PRODUCT)RED,810137490014,0,,,,,,
M10414A,IPHONE 14 128GB BLUE,194253409304,0,,,,,,
M10414B,CERTIFIED PRE-OWNED IPHONE 14 128GB BLUE,850042501214,0,,,,,,
M10415A,IPHONE 14 256GB MIDNIGHT,194253409632,0,,,,,,
M10416A,IPHONE 14 256GB STARLIGHT,194253409960,0,,,,,,
M10417A,IPHONE 14 256GB PURPLE,194253410294,0,,,,,,
M10418A,IPHONE 14 256GB (PRODUCT)RED,194253410621,0,,,,,,
M10419A,IPHONE 14 256GB BLUE,194253410959,0,,,,,,
M10420A,IPHONE 14 512GB MIDNIGHT,194253411284,0,,,,,,
M10420B,CERTIFIED PRE-OWNED IPHONE 14 512GB MIDNIGHT,850042501191,0,,,,,,
M10421A,IPHONE 14 512GB STARLIGHT,194253411611,0,,,,,,
M10421B,CERTIFIED PRE-OWNED IPHONE 14 512GB STARLIGHT,850042501467,0,,,,,,
M10422A,IPHONE 14 512GB PURPLE,194253411949,0,,,,,,
M10422B,CERTIFIED PRE-OWNED IPHONE 14 512GB PURPLE,850042501849,0,,,,,,
M10423A,IPHONE 14 512GB (PRODUCT)RED,194253412274,0,,,,,,
M10423B,CERTIFIED PRE-OWNED IPHONE 14 512GB (PRODUCT)RED,850042501559,0,,,,,,
M10424A,IPHONE 14 512GB BLUE,194253412601,0,,,,,,
M10424B,CERTIFIED PRE-OWNED IPHONE 14 512GB BLUE,850042501566,0,,,,,,
M10425A,IPHONE 14 PLUS 128GB MIDNIGHT,194253372363,0,,,,,,
M10425B,CERTIFIED PRE-OWNED IPHONE 14 PLUS 128GB MIDNIGHT,850042501573,0,,,,,,
M10426A,IPHONE 14 PLUS 128GB STARLIGHT,194253372370,0,,,,,,
M10426B,CERTIFIED PRE-OWNED IPHONE 14 PLUS 128GB STARLIGHT,850042501610,0,,,,,,
M10427A,IPHONE 14 PLUS 128GB PURPLE,194253372387,0,,,,,,
M10427B,CERTIFIED PRE-OWNED IPHONE 14 PLUS 128GB PURPLE,850042501634,0,,,,,,
M10428A,IPHONE 14 PLUS 128GB (PRODUCT)RED,194253372394,0,,,,,,
M10428B,CERTIFIED PRE-OWNED IPHONE 14 PLUS 128GB (PRODUCT)RED,850042501658,0,,,,,,
M10429A,IPHONE 14 PLUS 128GB BLUE,194253372400,0,,,,,,
M10429B,CERTIFIED PRE-OWNED IPHONE 14 PLUS 128GB BLUE,850042501696,0,,,,,,
M10430A,IPHONE 14 PLUS 256GB MIDNIGHT,194253372417,0,,,,,,
M10431A,IPHONE 14 PLUS 256GB STARLIGHT,194253372424,0,,,,,,
M10432A,IPHONE 14 PLUS 256GB PURPLE,194253372431,0,,,,,,
M10433A,IPHONE 14 PLUS 256GB (PRODUCT)RED,194253372448,0,,,,,,
M10434A,IPHONE 14 PLUS 256GB BLUE,194253372455,0,,,,,,
M10435A,IPHONE 14 PLUS 512GB MIDNIGHT,194253372462,0,,,,,,
M10435B,CERTIFIED PRE-OWNED IPHONE 14 PLUS 512GB MIDNIGHT,850042501719,0,,,,,,
M10436A,IPHONE 14 PLUS 512GB STARLIGHT,194253372479,0,,,,,,
M10436B,CERTIFIED PRE-OWNED IPHONE 14 PLUS 512GB STARLIGHT,850042501733,0,,,,,,
M10437A,IPHONE 14 PLUS 512GB PURPLE,194253372486,0,,,,,,
M10437B,CERTIFIED PRE-OWNED IPHONE 14 PLUS 512GB PURPLE,850042501757,0,,,,,,
M10438A,IPHONE 14 PLUS 512GB (PRODUCT)RED,194253372493,0,,,,,,
M10438B,CERTIFIED PRE-OWNED IPHONE 14 PLUS 512GB (PRODUCT)RED,850042501764,0,,,,,,
M10439A,IPHONE 14 PLUS 512GB BLUE,194253372509,0,,,,,,
M10439B,CERTIFIED PRE-OWNED IPHONE 14 PLUS 512GB BLUE,850042501771,0,,,,,,
M10440A,IPHONE 14 PRO 128GB SPACE BLACK,194253400905,0,,,,,,
M10440B,CERTIFIED PRE-OWNED IPHONE 14 PRO 128GB SPACE BLACK,850042501788,0,,,,,,
M10441A,IPHONE 14 PRO 128GB SILVER,194253401230,0,,,,,,
M10441B,CERTIFIED PRE-OWNED IPHONE 14 PRO 128GB SILVER,850042501795,0,,,,,,
M10442A,IPHONE 14 PRO 128GB GOLD,194253401568,0,,,,,,
M10442B,CERTIFIED PRE-OWNED IPHONE 14 PRO 128GB GOLD,850042501252,0,,,,,,
M10443A,IPHONE 14 PRO 128GB DEEP PURPLE,194253401896,0,,,,,,
M10443B,CERTIFIED PRE-OWNED IPHONE 14 PRO 128GB DEEP PURPLE,850042501269,0,,,,,,
M10444A,IPHONE 14 PRO 256GB SPACE BLACK,194253402220,0,,,,,,
M10444B,CERTIFIED PRE-OWNED IPHONE 14 PRO 256GB SPACE BLACK,850042501276,0,,,,,,
M10445A,IPHONE 14 PRO 256GB SILVER,194253402558,0,,,,,,
M10445B,CERTIFIED PRE-OWNED IPHONE 14 PRO 256GB SILVER,850042501290,0,,,,,,
M10446A,IPHONE 14 PRO 256GB GOLD,194253402886,0,,,,,,
M10446B,CERTIFIED PRE-OWNED IPHONE 14 PRO 256GB GOLD,850042501313,0,,,,,,
M10447A,IPHONE 14 PRO 256GB DEEP PURPLE,194253403210,0,,,,,,
M10447B,CERTIFIED PRE-OWNED IPHONE 14 PRO 256GB DEEP PURPLE,850042501481,0,,,,,,
M10448A,IPHONE 14 PRO 512GB SPACE BLACK,194253403548,0,,,,,,
M10449A,IPHONE 14 PRO 512GB SILVER,194253403876,0,,,,,,
M10450A,IPHONE 14 PRO 512GB GOLD,194253404200,0,,,,,,
M10451A,IPHONE 14 PRO 512GB DEEP PURPLE,194253404538,0,,,,,,
M10452A,IPHONE 14 PRO 1TB SPACE BLACK,194253404866,0,,,,,,
M10452B,CERTIFIED PRE-OWNED IPHONE 14 PRO 1TB SPACE BLACK,810137490021,0,,,,,,
M10453A,IPHONE 14 PRO 1TB SILVER,194253405191,0,,,,,,
M10453B,CERTIFIED PRE-OWNED IPHONE 14 PRO 1TB SILVER,810137490038,0,,,,,,
M10454A,IPHONE 14 PRO 1TB GOLD,194253405528,0,,,,,,
M10454B,CERTIFIED PRE-OWNED IPHONE 14 PRO 1TB GOLD,810137490045,0,,,,,,
M10455A,IPHONE 14 PRO 1TB DEEP PURPLE,194253405856,0,,,,,,
M10455B,CERTIFIED PRE-OWNED IPHONE 14 PRO 1TB DEEP PURPLE,810137490052,0,,,,,,
M10456A,IPHONE 14 PRO MAX 128GB SPACE BLACK,194253378778,0,,,,,,
M10456B,CERTIFIED PRE-OWNED IPHONE 14 PRO MAX 128GB SPACE BLACK,810137490069,0,,,,,,
M10457A,IPHONE 14 PRO MAX 128GB SILVER,194253378785,0,,,,,,
M10457B,CERTIFIED PRE-OWNED IPHONE 14 PRO MAX 128GB SILVER,810137490076,0,,,,,,
M10458A,IPHONE 14 PRO MAX 128GB GOLD,194253378792,0,,,,,,
M10458B,CERTIFIED PRE-OWNED IPHONE 14 PRO MAX 128GB GOLD,810137490083,0,,,,,,
M10459A,IPHONE 14 PRO MAX 128GB DEEP PURPLE,194253378808,0,,,,,,
M10459B,CERTIFIED PRE-OWNED IPHONE 14 PRO MAX 128GB DEEP PURPLE,810137490090,0,,,,,,
M10460A,IPHONE 14 PRO MAX 256GB SPACE BLACK,194253378815,0,,,,,,
M10460B,CERTIFIED PRE-OWNED IPHONE 14 PRO MAX 256GB SPACE BLACK,810137490106,0,,,,,,
M10461A,IPHONE 14 PRO MAX 256GB SILVER,194253378822,0,,,,,,
M10461B,CERTIFIED PRE-OWNED IPHONE 14 PRO MAX 256GB SILVER,810137490113,0,,,,,,
M10462A,IPHONE 14 PRO MAX 256GB GOLD,194253378839,0,,,,,,
M10462B,CERTIFIED PRE-OWNED IPHONE 14 PRO MAX 256GB GOLD,810137490120,0,,,,,,
M10463A,IPHONE 14 PRO MAX 256GB DEEP PURPLE,194253378846,0,,,,,,
M10463B,CERTIFIED PRE-OWNED IPHONE 14 PRO MAX 256GB DEEP PURPLE,810137490137,0,,,,,,
M10464A,IPHONE 14 PRO MAX 512GB SPACE BLACK,194253378853,0,,,,,,
M10465A,IPHONE 14 PRO MAX 512GB SILVER,194253378860,0,,,,,,
M10466A,IPHONE 14 PRO MAX 512GB GOLD,194253378877,0,,,,,,
M10467A,IPHONE 14 PRO MAX 512GB DEEP PURPLE,194253378884,0,,,,,,
M10468A,IPHONE 14 PRO MAX 1TB SPACE BLACK,194253378891,0,,,,,,
M10468B,CERTIFIED PRE-OWNED IPHONE 14 PRO MAX 1TB SPACE BLACK,M10468B,0,,,,,,
M10469A,IPHONE 14 PRO MAX 1TB SILVER,194253378907,0,,,,,,
M10469B,CERTIFIED PRE-OWNED IPHONE 14 PRO MAX 1TB SILVER,810137490144,0,,,,,,
M10470A,IPHONE 14 PRO MAX 1TB GOLD,194253378914,0,,,,,,
M10470B,CERTIFIED PRE-OWNED IPHONE 14 PRO MAX 1TB GOLD,M10470B,0,,,,,,
M10471A,IPHONE 14 PRO MAX 1TB DEEP PURPLE,194253378921,0,,,,,,
M10471B,CERTIFIED PRE-OWNED IPHONE 14 PRO MAX 1TB DEEP PURPLE,810137490151,0,,,,,,
M10475A,ONEPLUS NORD N20 5G 128GB BLUE QUANTUM,692181562178,0,,,,,,
M10476A,GALAXY S21 FE GRAPHITE 128GB,887276700069,0,,,,,,
M10476B,CERTIFIED PRE-OWNED GALAXY S21 FE GRAPHITE 128GB,850042501474,0,,,,,,
M10477A,GALAXY S23 5G PHANTOM BLACK 128GB,887276721484,0,,,,,,
M10477B,CERTIFIED PRE-OWNED GALAXY S23 5G PHANTOM BLACK 128GB,810137490205,0,,,,,,
M10478A,GALAXY S23 5G CREAM 128GB,887276741468,0,,,,,,
M10478B,CERTIFIED PRE-OWNED GALAXY S23 5G CREAM 128GB,810137490212,0,,,,,,
M10479A,SAMSUNG GALAXY S23 GREEN 128GB,887276741420,0,,,,,,
M10479B,CERTIFIED PRE-OWNED GALAXY S23 5G GREEN 128GB,810137490229,0,,,,,,
M10480A,GALAXY S23 5G LAVENDER 128GB,887276741482,0,,,,,,
M10480B,CERTIFIED PRE-OWNED GALAXY S23 5G LAVENDER 128GB,810137490236,0,,,,,,
M10481A,GALAXY S23+ 5G PHANTOM BLACK 256GB,887276722436,0,,,,,,
M10481B,CERTIFIED PRE-OWNED GALAXY S23+ 5G PHANTOM BLACK 256GB,810137490243,0,,,,,,
M10482A,GALAXY S23+ 5G LAVENDER 256GB,887276741734,0,,,,,,
M10482B,CERTIFIED PRE-OWNED GALAXY S23+ 5G LAVENDER 256GB,810137490250,0,,,,,,
M10483A,GALAXY S23 ULTRA 5G PHANTOM BLACK 256GB,887276721965,0,,,,,,
M10483B,CERTIFIED PRE-OWNED GALAXY S23 ULTRA 5G PHANTOM BLACK 256GB,810137490267,0,,,,,,
M10484A,GALAXY S23 ULTRA 5G PHANTOM BLACK 512GB,887276741185,0,,,,,,
M10484B,CERTIFIED PRE-OWNED GALAXY S23 ULTRA 5G PHANTOM BLACK 512GB,810137490274,0,,,,,,
M10485A,GALAXY S23 ULTRA 5G GREEN 256GB,887276741277,0,,,,,,
M10485B,CERTIFIED PRE-OWNED GALAXY S23 ULTRA 5G GREEN 256GB,810137490281,0,,,,,,
M10486A,SAMSUNG GALAXY A14 5G 64GB BLACK,887276728216,0,,,,,,
M10486B,SAMSUNG GALAXY A14 5G 64GB BLACK,M10486B,0,,,,,,
M10490A,MOTO G PLAY 32GB NAVY BLUE,840023236815,0,,,,,,
M10490B,CERTIFIED PRE-OWNED MOTO G PLAY 32GB NAVY BLUE,M10490B,0,,,,,,
M10491A,IPHONE 14 128GB YELLOW,194253749899,0,,,,,,
M10491B,CERTIFIED PRE-OWNED IPHONE 14 128GB YELLOW,810137490168,0,,,,,,
M10492A,IPHONE 14 256GB YELLOW,194253749905,0,,,,,,
M10492B,CERTIFIED PRE-OWNED IPHONE 14 256GB YELLOW,M10492B,0,,,,,,
M10493A,IPHONE 14 512GB YELLOW,194253749912,0,,,,,,
M10493B,CERTIFIED PRE-OWNED IPHONE 14 512GB YELLOW,M10493B,0,,,,,,
M10494A,IPHONE 14 PLUS 128GB YELLOW,194253748694,0,,,,,,
M10494B,CERTIFIED PRE-OWNED IPHONE 14 PLUS 128GB YELLOW,810137490175,0,,,,,,
M10495A,IPHONE 14 PLUS 256GB YELLOW,194253748700,0,,,,,,
M10495B,CERTIFIED PRE-OWNED IPHONE 14 PLUS 256GB YELLOW,M10495B,0,,,,,,
M10496A,IPHONE 14 PLUS 512GB YELLOW,194253748717,0,,,,,,
M10496B,CERTIFIED PRE-OWNED IPHONE 14 PLUS 512GB YELLOW,810137490298,0,,,,,,
M10500A,SAMSUNG GALAXY A54 5G,887276747477,0,,,,,,
M10500B,CERTIFIED PRE-OWNED SAMSUNG GALAXY A54 5G (CPO),810137490304,0,,,,,,
M10501A,MOTO G STYLUS 5G/256GB/COSMIC BLACK,840023240904,0,,,,,,
M10501B,MOTO G STYLUS 5G/256GB/COSMIC BLACK (CPO),M10501B,0,,,,,,
M10502A,MOTOROLA RAZR+ 256GB QUARTZ BLACK,840023240508,0,,,,,,
M10502B,CERTIFIED PRE-OWNED MOTOROLA RAZR+ 256GB QUARTZ BLACK,810137490311,0,,,,,,
M10503A,SAMSUNG GALAXY Z FLIP5 5G MINT 256GB,887276770970,0,,,,,,
M10503B,CERTIFIED PRE-OWNED SAMSUNG GALAXY Z FLIP5 5G MINT 256GB,810137490328,0,,,,,,
M10504A,SAMSUNG GALAXY Z FLIP5 5G GRAPHITE 256GB,887276770758,0,,,,,,
M10504B,CERTIFIED PRE-OWNED SAMSUNG GALAXY Z FLIP5 5G GRAPHITE 256GB,810137490335,0,,,,,,
M10505A,SAMSUNG GALAXY Z FLIP5 5G LAVENDER 256GB,887276770857,0,,,,,,
M10505B,CERTIFIED PRE-OWNED SAMSUNG GALAXY Z FLIP5 5G LAVENDER 256GB,810137490342,0,,,,,,
M10506A,SAMSUNG GALAXY Z FOLD5 5G PHANTOM BLACK 256GB,887276769691,0,,,,,,
M10506B,CERTIFIED PRE-OWNED SAMSUNG GALAXY Z FOLD5 5G PHANTOM BLACK 256GB,810137490359,0,,,,,,
M10510A,IPHONE 15 128GB BLACK,195949035005,0,,,,,,
M10510B,CERTIFIED PRE-OWNED IPHONE 15 128GB BLACK,810137490366,0,,,,,,
M10511A,IPHONE 15 128GB PINK,195949035012,1,,,,,,
M10511B,CERTIFIED PRE-OWNED IPHONE 15 128GB PINK,810137490373,0,,,,,,
M10512A,IPHONE 15 128GB YELLOW,195949035029,0,,,,,,
M10512B,CERTIFIED PRE-OWNED IPHONE 15 128GB YELLOW,810137490380,0,,,,,,
M10513A,IPHONE 15 128GB BLUE,195949035036,0,,,,,,
M10513B,CERTIFIED PRE-OWNED IPHONE 15 128GB BLUE,810137490397,0,,,,,,
M10514A,IPHONE 15 128GB GREEN,195949035043,0,,,,,,
M10514B,CERTIFIED PRE-OWNED IPHONE 15 128GB GREEN,810137490403,0,,,,,,
M10515A,IPHONE 15 256GB BLACK,195949035050,0,,,,,,
M10515B,CERTIFIED PRE-OWNED IPHONE 15 256GB BLACK,M10515B,0,,,,,,
M10516A,IPHONE 15 256GB PINK,195949035067,0,,,,,,
M10516B,CERTIFIED PRE-OWNED IPHONE 15 256GB PINK,M10516B,0,,,,,,
M10517A,IPHONE 15 256GB YELLOW,195949035074,0,,,,,,
M10517B,CERTIFIED PRE-OWNED IPHONE 15 256GB YELLOW,M10517B,0,,,,,,
M10518A,IPHONE 15 256GB BLUE,195949035081,0,,,,,,
M10518B,CERTIFIED PRE-OWNED IPHONE 15 256GB BLUE,M10518B,0,,,,,,
M10519A,IPHONE 15 256GB GREEN,195949035098,0,,,,,,
M10519B,CERTIFIED PRE-OWNED IPHONE 15 256GB GREEN,M10519B,0,,,,,,
M10520A,IPHONE 15 512GB BLACK,195949035104,0,,,,,,
M10520B,CERTIFIED PRE-OWNED IPHONE 15 512GB BLACK,810137490410,0,,,,,,
M10521A,IPHONE 15 512GB PINK,195949035111,0,,,,,,
M10521B,CERTIFIED PRE-OWNED IPHONE 15 512GB PINK,810137490427,0,,,,,,
M10522A,IPHONE 15 512GB YELLOW,195949035128,1,,,,,,
M10522B,CERTIFIED PRE-OWNED IPHONE 15 512GB YELLOW,810137490434,0,,,,,,
M10523A,IPHONE 15 512GB BLUE,195949035135,0,,,,,,
M10523B,CERTIFIED PRE-OWNED IPHONE 15 512GB BLUE,810137490441,0,,,,,,
M10524A,IPHONE 15 512GB GREEN,195949035142,1,,,,,,
M10524B,CERTIFIED PRE-OWNED IPHONE 15 512GB GREEN,810137490854,0,,,,,,
M10525A,IPHONE 15 PLUS 128GB BLACK,195949039973,0,,,,,,
M10525B,CERTIFIED PRE-OWNED IPHONE 15 PLUS 128GB BLACK,810137490458,0,,,,,,
M10526A,IPHONE 15 PLUS 128GB PINK,195949039980,0,,,,,,
M10526B,CERTIFIED PRE-OWNED IPHONE 15 PLUS 128GB PINK,810137490465,0,,,,,,
M10527A,IPHONE 15 PLUS 128GB YELLOW,195949039997,0,,,,,,
M10527B,CERTIFIED PRE-OWNED IPHONE 15 PLUS 128GB YELLOW,810137490472,0,,,,,,
M10528A,IPHONE 15 PLUS 128GB BLUE,195949040009,0,,,,,,
M10528B,CERTIFIED PRE-OWNED IPHONE 15 PLUS 128GB BLUE,810137490489,0,,,,,,
M10529A,IPHONE 15 PLUS 128GB GREEN,195949040016,0,,,,,,
M10529B,CERTIFIED PRE-OWNED IPHONE 15 PLUS 128GB GREEN,810137490496,0,,,,,,
M10530A,IPHONE 15 PLUS 256GB BLACK,195949040023,0,,,,,,
M10530B,CERTIFIED PRE-OWNED IPHONE 15 PLUS 256GB BLACK,M10530B,0,,,,,,
M10531A,IPHONE 15 PLUS 256GB PINK,195949040030,0,,,,,,
M10531B,CERTIFIED PRE-OWNED IPHONE 15 PLUS 256GB PINK,M10531B,0,,,,,,
M10532A,IPHONE 15 PLUS 256GB YELLOW,195949040047,0,,,,,,
M10532B,CERTIFIED PRE-OWNED IPHONE 15 PLUS 256GB YELLOW,M10532B,0,,,,,,
M10533A,IPHONE 15 PLUS 256GB BLUE,195949040054,0,,,,,,
M10533B,CERTIFIED PRE-OWNED IPHONE 15 PLUS 256GB BLUE,M10533B,0,,,,,,
M10534A,IPHONE 15 PLUS 256GB GREEN,195949040061,0,,,,,,
M10534B,CERTIFIED PRE-OWNED IPHONE 15 PLUS 256GB GREEN,M10534B,0,,,,,,
M10535A,IPHONE 15 PLUS 512GB BLACK,195949040078,0,,,,,,
M10535B,CERTIFIED PRE-OWNED IPHONE 15 PLUS 512GB BLACK,810137490502,0,,,,,,
M10536A,IPHONE 15 PLUS 512GB PINK,195949040085,0,,,,,,
M10536B,CERTIFIED PRE-OWNED IPHONE 15 PLUS 512GB PINK,810137490519,0,,,,,,
M10537A,IPHONE 15 PLUS 512GB YELLOW,195949040092,0,,,,,,
M10537B,CERTIFIED PRE-OWNED IPHONE 15 PLUS 512GB YELLOW,810137490526,0,,,,,,
M10538A,IPHONE 15 PLUS 512GB BLUE,195949040108,0,,,,,,
M10538B,CERTIFIED PRE-OWNED IPHONE 15 PLUS 512GB BLUE,810137490533,0,,,,,,
M10539A,IPHONE 15 PLUS 512GB GREEN,195949040115,0,,,,,,
M10539B,CERTIFIED PRE-OWNED IPHONE 15 PLUS 512GB GREEN,M10539B,0,,,,,,
M10540A,IPHONE 15 PRO 128GB BLACK TITANIUM,195949017612,0,,,,,,
M10540B,CERTIFIED PRE-OWNED IPHONE 15 PRO 128GB BLACK TITANIUM,810137490540,0,,,,,,
M10541A,IPHONE 15 PRO 128GB WHITE TITANIUM,195949017629,0,,,,,,
M10541B,CERTIFIED PRE-OWNED IPHONE 15 PRO 128GB WHITE TITANIUM,810137490557,0,,,,,,
M10542A,IPHONE 15 PRO 128GB NATURAL TITANIUM,195949017636,0,,,,,,
M10542B,CERTIFIED PRE-OWNED IPHONE 15 PRO 128GB NATURAL TITANIUM,810137490564,0,,,,,,
M10543A,IPHONE 15 PRO 128GB BLUE TITANIUM,195949017643,0,,,,,,
M10543B,CERTIFIED PRE-OWNED IPHONE 15 PRO 128GB BLUE TITANIUM,810137490571,0,,,,,,
M10544A,IPHONE 15 PRO 256GB BLACK TITANIUM,195949017650,0,,,,,,
M10544B,CERTIFIED PRE-OWNED IPHONE 15 PRO 256GB BLACK TITANIUM,810137490588,0,,,,,,
M10545A,IPHONE 15 PRO 256GB WHITE TITANIUM,195949017667,0,,,,,,
M10545B,CERTIFIED PRE-OWNED IPHONE 15 PRO 256GB WHITE TITANIUM,810137490595,0,,,,,,
M10546A,IPHONE 15 PRO 256GB NATURAL TITANIUM,195949017674,0,,,,,,
M10546B,CERTIFIED PRE-OWNED IPHONE 15 PRO 256GB NATURAL TITANIUM,810137490601,0,,,,,,
M10547A,IPHONE 15 PRO 256GB BLUE TITANIUM,195949017681,1,,,,,,
M10547B,CERTIFIED PRE-OWNED IPHONE 15 PRO 256GB BLUE TITANIUM,810137490618,0,,,,,,
M10548A,IPHONE 15 PRO 512GB BLACK TITANIUM,195949017698,0,,,,,,
M10548B,CERTIFIED PRE-OWNED IPHONE 15 PRO 512GB BLACK TITANIUM,M10548B,0,,,,,,
M10549A,IPHONE 15 PRO 512GB WHITE TITANIUM,195949017704,0,,,,,,
M10549B,CERTIFIED PRE-OWNED IPHONE 15 PRO 512GB WHITE TITANIUM,M10549B,0,,,,,,
M10550A,IPHONE 15 PRO 512GB NATURAL TITANIUM,195949017711,0,,,,,,
M10550B,CERTIFIED PRE-OWNED IPHONE 15 PRO 512GB NATURAL TITANIUM,M10550B,0,,,,,,
M10551A,IPHONE 15 PRO 512GB BLUE TITANIUM,195949017728,0,,,,,,
M10551B,CERTIFIED PRE-OWNED IPHONE 15 PRO 512GB BLUE TITANIUM,M10551B,0,,,,,,
M10552A,IPHONE 15 PRO 1TB BLACK TITANIUM,195949017735,0,,,,,,
M10552B,CERTIFIED PRE-OWNED IPHONE 15 PRO 1TB BLACK TITANIUM,810137490625,0,,,,,,
M10553A,IPHONE 15 PRO 1TB WHITE TITANIUM,195949017742,0,,,,,,
M10553B,CERTIFIED PRE-OWNED IPHONE 15 PRO 1TB WHITE TITANIUM,M10553B,0,,,,,,
M10554A,IPHONE 15 PRO 1TB NATURAL TITANIUM,195949017759,0,,,,,,
M10554B,CERTIFIED PRE-OWNED IPHONE 15 PRO 1TB NATURAL TITANIUM,810137490632,0,,,,,,
M10555A,IPHONE 15 PRO 1TB BLUE TITANIUM,195949017766,0,,,,,,
M10555B,CERTIFIED PRE-OWNED IPHONE 15 PRO 1TB BLUE TITANIUM,810137490649,0,,,,,,
M10556A,IPHONE 15 PRO MAX 256GB BLACK TITANIUM,195949045974,0,,,,,,
M10556B,CERTIFIED PRE-OWNED IPHONE 15 PRO MAX 256GB BLACK TITANIUM,810137490656,0,,,,,,
M10557A,IPHONE 15 PRO MAX 256GB WHITE TITANIUM,195949045981,0,,,,,,
M10557B,CERTIFIED PRE-OWNED IPHONE 15 PRO MAX 256GB WHITE TITANIUM,810137490663,0,,,,,,
M10558A,IPHONE 15 PRO MAX 256GB NATURAL TITANIUM,195949045998,0,,,,,,
M10558B,CERTIFIED PRE-OWNED IPHONE 15 PRO MAX 256GB NATURAL TITANIUM,810137490670,0,,,,,,
M10559A,IPHONE 15 PRO MAX 256GB BLUE TITANIUM,195949046001,0,,,,,,
M10559B,CERTIFIED PRE-OWNED IPHONE 15 PRO MAX 256GB BLUE TITANIUM,810137490687,0,,,,,,
M10560A,IPHONE 15 PRO MAX 512GB BLACK TITANIUM,195949046018,0,,,,,,
M10560B,CERTIFIED PRE-OWNED IPHONE 15 PRO MAX 512GB BLACK TITANIUM,M10560B,0,,,,,,
M10561A,IPHONE 15 PRO MAX 512GB WHITE TITANIUM,195949046025,0,,,,,,
M10561B,CERTIFIED PRE-OWNED IPHONE 15 PRO MAX 512GB WHITE TITANIUM,M10561B,0,,,,,,
M10562A,IPHONE 15 PRO MAX 512GB NATURAL TITANIUM,195949046032,0,,,,,,
M10562B,CERTIFIED PRE-OWNED IPHONE 15 PRO MAX 512GB NATURAL TITANIUM,M10562B,0,,,,,,
M10563A,IPHONE 15 PRO MAX 512GB BLUE TITANIUM,195949046049,0,,,,,,
M10563B,CERTIFIED PRE-OWNED IPHONE 15 PRO MAX 512GB BLUE TITANIUM,M10563B,0,,,,,,
M10564A,IPHONE 15 PRO MAX 1TB BLACK TITANIUM,195949046056,0,,,,,,
M10564B,CERTIFIED PRE-OWNED IPHONE 15 PRO MAX 1TB BLACK TITANIUM,810137490694,0,,,,,,
M10565A,IPHONE 15 PRO MAX 1TB WHITE TITANIUM,195949046063,0,,,,,,
M10565B,CERTIFIED PRE-OWNED IPHONE 15 PRO MAX 1TB WHITE TITANIUM,M10565B,0,,,,,,
M10566A,IPHONE 15 PRO MAX 1TB NATURAL TITANIUM,195949046070,0,,,,,,
M10566B,CERTIFIED PRE-OWNED IPHONE 15 PRO MAX 1TB NATURAL TITANIUM,810137490700,0,,,,,,
M10567A,IPHONE 15 PRO MAX 1TB BLUE TITANIUM,195949046087,0,,,,,,
M10567B,CERTIFIED PRE-OWNED IPHONE 15 PRO MAX 1TB BLUE TITANIUM,810137490717,0,,,,,,
M10568A,GALAXY S23 FE GRAPHITE 128GB,887276788647,0,,,,,,
M10568B,CERTIFIED PRE-OWNED GALAXY S23 FE GRAPHITE 128GB,M10568B,0,,,,,,
M10569A,SAMSUNG GALAXY A15 5G,887276817682,1,,,,,,
M10569B,CERTIFIED PRE-OWNED SAMSUNG GALAXY A15 5G,M10569B,0,,,,,,
M10570A,SAMSUNG GALAXY A25 5G,887276783864,1,,,,,,
M10570B,CERTIFIED PRE-OWNED SAMSUNG GALAXY A25 5G,M10570B,0,,,,,,
M10571A,SAMSUNG GALAXY S24 ONYX BLACK 128GB,887276805108,0,,,,,,
M10571B,CERTIFIED PRE-OWNED SAMSUNG GALAXY S24 ONYX BLACK 128GB,M10571B,0,,,,,,
M10572A,SAMSUNG GALAXY S24 MARBLE GRAY 128GB,887276805139,0,,,,,,
M10572B,CERTIFIED PRE-OWNED SAMSUNG GALAXY S24 MARBLE GRAY 128GB,M10572B,0,,,,,,
M10573A,SAMSUNG GALAXY S24 COBALT VIOLET 128GB,887276805054,0,,,,,,
M10573B,CERTIFIED PRE-OWNED SAMSUNG GALAXY S24 COBALT VIOLET 128GB,M10573B,0,,,,,,
M10574A,SAMSUNG GALAXY S24 AMBER YELLOW 128GB,887276805146,0,,,,,,
M10574B,CERTIFIED PRE-OWNED SAMSUNG GALAXY S24 AMBER YELLOW 128GB,M10574B,0,,,,,,
M10575A,SAMSUNG GALAXY S24+ ONYX BLACK 256GB,887276801308,0,,,,,,
M10575B,CERTIFIED PRE-OWNED SAMSUNG GALAXY S24+ ONYX BLACK 256GB,M10575B,0,,,,,,
M10576A,SAMSUNG GALAXY S24+ COBALT VIOLET 256GB,887276801261,0,,,,,,
M10576B,CERTIFIED PRE-OWNED SAMSUNG GALAXY S24+ COBALT VIOLET 256GB,M10576B,0,,,,,,
M10577A,SAMSUNG GALAXY S24 ULTRA TITANIUM BLACK 256GB,887276819471,0,,,,,,
M10577B,CERTIFIED PRE-OWNED SAMSUNG GALAXY S24 ULTRA TITANIUM BLACK 256GB,M10577B,0,,,,,,
M10578A,SAMSUNG GALAXY S24 ULTRA TITANIUM BLACK 512GB,887276806693,0,,,,,,
M10578B,CERTIFIED PRE-OWNED SAMSUNG GALAXY S24 ULTRA TITANIUM BLACK 512GB,M10578B,0,,,,,,
M10579A,SAMSUNG GALAXY S24 ULTRA TITANIUM GRAY 256GB,887276819433,0,,,,,,
M10579B,CERTIFIED PRE-OWNED SAMSUNG GALAXY S24 ULTRA TITANIUM GRAY 256GB,M10579B,0,,,,,,
M10580A,SAMSUNG GALAXY S24+ MARBLE GRAY 256GB,887276801346,0,,,,,,
M10580B,CERTIFIED PRE-OWNED SAMSUNG GALAXY S24+ MARBLE GRAY 256GB,M10580B,0,,,,,,
M10581A,SAMSUNG GALAXY S24 ULTRA TITANIUM VIOLET 256GB,887276819419,0,,,,,,
M10581B,CERTIFIED PRE-OWNED SAMSUNG GALAXY S24 ULTRA TITANIUM VIOLET 256GB,M10581B,0,,,,,,
M10582A,MOTO G 5G 2024 SAGE GREEN,840023254581,0,,,,,,
M10582B,CERTIFIED PRE-OWNED MOTO G 5G 2024 SAGE GREEN,M10582B,0,,,,,,
M10583A,MOTO G STYLUS 5G - 2024,840023271144,1,,,,,,
M10583B,CERTIFIED PRE-OWNED MOTO G STYLUS 5G - 2024,M10583B,0,,,,,,
M10584A,MOTOROLA RAZR 256GB KOALA GRAY,840023264238,1,,,,,,
M10584B,CERTIFIED PRE-OWNED MOTOROLA RAZR 256GB KOALA GRAY,M10584B,0,,,,,,
M10585A,SAMSUNG GALAXY S24FE (GRAPHITE 128GB),887276894850,2,,,,,,
M10585B,CERTIFIED PRE-OWNED SAMSUNG GALAXY S24FE (GRAPHITE 128GB),M10585B,0,,,,,,
M10590A,IPHONE 16 128GB BLACK,195949820908,0,,,,,,
M10590B,CERTIFIED PRE-OWNED IPHONE 16 128GB BLACK,810137490748,0,,,,,,
M10591A,IPHONE 16 128GB WHITE,195949820915,0,,,,,,
M10591B,CERTIFIED PRE-OWNED IPHONE 16 128GB WHITE,810137490861,0,,,,,,
M10592A,IPHONE 16 128GB PINK,195949820922,0,,,,,,
M10592B,CERTIFIED PRE-OWNED IPHONE 16 128GB PINK,810137490755,0,,,,,,
M10593A,IPHONE 16 128GB ULTRAMARINE,195949820939,1,,,,,,
M10593B,CERTIFIED PRE-OWNED IPHONE 16 128GB ULTRAMARINE,810137490762,0,,,,,,
M10594A,IPHONE 16 128GB TEAL,195949820946,0,,,,,,
M10594B,CERTIFIED PRE-OWNED IPHONE 16 128GB TEAL,810137490786,0,,,,,,
M10595A,IPHONE 16 256GB BLACK,195949820953,1,,,,,,
M10595B,CERTIFIED PRE-OWNED IPHONE 16 256GB BLACK,810137490878,0,,,,,,
M10596A,IPHONE 16 256GB WHITE,195949820960,0,,,,,,
M10596B,CERTIFIED PRE-OWNED IPHONE 16 256GB WHITE,M10596B,0,,,,,,
M10597A,IPHONE 16 256GB PINK,195949820977,0,,,,,,
M10597B,CERTIFIED PRE-OWNED IPHONE 16 256GB PINK,M10597B,0,,,,,,
M10598A,IPHONE 16 256GB ULTRAMARINE,195949820984,0,,,,,,
M10598B,CERTIFIED PRE-OWNED IPHONE 16 256GB ULTRAMARINE,810137490885,0,,,,,,
M10599A,IPHONE 16 256GB TEAL,195949820991,0,,,,,,
M10599B,CERTIFIED PRE-OWNED IPHONE 16 256GB TEAL,810137490892,0,,,,,,
M10600A,IPHONE 16 512GB BLACK,195949821004,0,,,,,,
M10600B,CERTIFIED PRE-OWNED IPHONE 16 512GB BLACK,M10600B,0,,,,,,
M10601A,IPHONE 16 512GB WHITE,195949821011,0,,,,,,
M10601B,CERTIFIED PRE-OWNED IPHONE 16 512GB WHITE,M10601B,0,,,,,,
M10602A,IPHONE 16 512GB PINK,195949821028,0,,,,,,
M10602B,CERTIFIED PRE-OWNED IPHONE 16 512GB PINK,M10602B,0,,,,,,
M10603A,IPHONE 16 512GB ULTRAMARINE,195949821035,0,,,,,,
M10603B,CERTIFIED PRE-OWNED IPHONE 16 512GB ULTRAMARINE,M10603B,0,,,,,,
M10604A,IPHONE 16 512GB TEAL,195949821042,0,,,,,,
M10604B,CERTIFIED PRE-OWNED IPHONE 16 512GB TEAL,M10604B,0,,,,,,
M10605A,IPHONE 16 PLUS 128GB BLACK,195949721496,0,,,,,,
M10605B,CERTIFIED PRE-OWNED IPHONE 16 PLUS 128GB BLACK,M10605B,0,,,,,,
M10606A,IPHONE 16 PLUS 128GB WHITE,195949721502,0,,,,,,
M10606B,CERTIFIED PRE-OWNED IPHONE 16 PLUS 128GB WHITE,810137490908,0,,,,,,
M10607A,IPHONE 16 PLUS 128GB PINK,195949721519,0,,,,,,
M10607B,CERTIFIED PRE-OWNED IPHONE 16 PLUS 128GB PINK,810137490915,0,,,,,,
M10608A,IPHONE 16 PLUS 128GB ULTRAMARINE,195949721526,0,,,,,,
M10608B,CERTIFIED PRE-OWNED IPHONE 16 PLUS 128GB ULTRAMARINE,810137490922,0,,,,,,
M10609A,IPHONE 16 PLUS 128GB TEAL,195949721533,0,,,,,,
M10609B,CERTIFIED PRE-OWNED IPHONE 16 PLUS 128GB TEAL,810137490939,0,,,,,,
M10610A,IPHONE 16 PLUS 256GB BLACK,195949721540,0,,,,,,
M10610B,CERTIFIED PRE-OWNED IPHONE 16 PLUS 256GB BLACK,M10610B,0,,,,,,
M10611A,IPHONE 16 PLUS 256GB WHITE,195949721557,0,,,,,,
M10611B,CERTIFIED PRE-OWNED IPHONE 16 PLUS 256GB WHITE,M10611B,0,,,,,,
M10612A,IPHONE 16 PLUS 256GB PINK,195949721564,0,,,,,,
M10612B,CERTIFIED PRE-OWNED IPHONE 16 PLUS 256GB PINK,M10612B,0,,,,,,
M10613A,IPHONE 16 PLUS 256GB ULTRAMARINE,195949721571,0,,,,,,
M10613B,CERTIFIED PRE-OWNED IPHONE 16 PLUS 256GB ULTRAMARINE,810137490779,0,,,,,,
M10614A,IPHONE 16 PLUS 256GB TEAL,195949721588,0,,,,,,
M10614B,CERTIFIED PRE-OWNED IPHONE 16 PLUS 256GB TEAL,M10614B,0,,,,,,
M10615A,IPHONE 16 PLUS 512GB BLACK,195949721595,0,,,,,,
M10615B,CERTIFIED PRE-OWNED IPHONE 16 PLUS 512GB BLACK,M10615B,0,,,,,,
M10616A,IPHONE 16 PLUS 512GB WHITE,195949721601,0,,,,,,
M10616B,CERTIFIED PRE-OWNED IPHONE 16 PLUS 512GB WHITE,M10616B,0,,,,,,
M10617A,IPHONE 16 PLUS 512GB PINK,195949721618,0,,,,,,
M10617B,CERTIFIED PRE-OWNED IPHONE 16 PLUS 512GB PINK,M10617B,0,,,,,,
M10618A,IPHONE 16 PLUS 512GB ULTRAMARINE,195949721625,0,,,,,,
M10618B,CERTIFIED PRE-OWNED IPHONE 16 PLUS 512GB ULTRAMARINE,M10618B,0,,,,,,
M10619A,IPHONE 16 PLUS 512GB TEAL,195949721632,0,,,,,,
M10619B,CERTIFIED PRE-OWNED IPHONE 16 PLUS 512GB TEAL,M10619B,0,,,,,,
M10620A,IPHONE 16 PRO 128GB BLACK TITANIUM,195949770234,0,,,,,,
M10620B,CERTIFIED PRE-OWNED IPHONE 16 PRO 128GB BLACK TITANIUM,810137490946,0,,,,,,
M10621A,IPHONE 16 PRO 128GB WHITE TITANIUM,195949770241,0,,,,,,
M10621B,CERTIFIED PRE-OWNED IPHONE 16 PRO 128GB WHITE TITANIUM,810137490953,0,,,,,,
M10622A,IPHONE 16 PRO 128GB DESERT TITANIUM,195949770258,0,,,,,,
M10622B,CERTIFIED PRE-OWNED IPHONE 16 PRO 128GB DESERT TITANIUM,810137490960,0,,,,,,
M10623A,IPHONE 16 PRO 128GB NATURAL TITANIUM,195949770265,0,,,,,,
M10623B,CERTIFIED PRE-OWNED IPHONE 16 PRO 128GB NATURAL TITANIUM,810137490977,0,,,,,,
M10624A,IPHONE 16 PRO 256GB BLACK TITANIUM,195949770272,0,,,,,,
M10624B,CERTIFIED PRE-OWNED IPHONE 16 PRO 256GB BLACK TITANIUM,810137490984,0,,,,,,
M10625A,IPHONE 16 PRO 256GB WHITE TITANIUM,195949770289,0,,,,,,
M10625B,CERTIFIED PRE-OWNED IPHONE 16 PRO 256GB WHITE TITANIUM,M10625B,0,,,,,,
M10626A,IPHONE 16 PRO 256GB DESERT TITANIUM,195949770296,0,,,,,,
M10626B,CERTIFIED PRE-OWNED IPHONE 16 PRO 256GB DESERT TITANIUM,810137490793,0,,,,,,
M10627A,IPHONE 16 PRO 256GB NATURAL TITANIUM,195949770302,0,,,,,,
M10627B,CERTIFIED PRE-OWNED IPHONE 16 PRO 256GB NATURAL TITANIUM,M10627B,0,,,,,,
M10628A,IPHONE 16 PRO 512GB BLACK TITANIUM,195949770319,0,,,,,,
M10628B,CERTIFIED PRE-OWNED IPHONE 16 PRO 512GB BLACK TITANIUM,M10628B,0,,,,,,
M10629A,IPHONE 16 PRO 512GB WHITE TITANIUM,195949770326,0,,,,,,
M10629B,CERTIFIED PRE-OWNED IPHONE 16 PRO 512GB WHITE TITANIUM,M10629B,0,,,,,,
M10630A,IPHONE 16 PRO 512GB DESERT TITANIUM,195949770333,0,,,,,,
M10630B,CERTIFIED PRE-OWNED IPHONE 16 PRO 512GB DESERT TITANIUM,810137490809,0,,,,,,
M10631A,IPHONE 16 PRO 512GB NATURAL TITANIUM,195949770340,0,,,,,,
M10631B,CERTIFIED PRE-OWNED IPHONE 16 PRO 512GB NATURAL TITANIUM,M10631B,0,,,,,,
M10632A,IPHONE 16 PRO 1TB BLACK TITANIUM,195949770357,0,,,,,,
M10632B,CERTIFIED PRE-OWNED IPHONE 16 PRO 1TB BLACK TITANIUM,M10632B,0,,,,,,
M10633A,IPHONE 16 PRO 1TB WHITE TITANIUM,195949770364,0,,,,,,
M10633B,CERTIFIED PRE-OWNED IPHONE 16 PRO 1TB WHITE TITANIUM,M10633B,0,,,,,,
M10634A,IPHONE 16 PRO 1TB DESERT TITANIUM,195949770371,0,,,,,,
M10634B,CERTIFIED PRE-OWNED IPHONE 16 PRO 1TB DESERT TITANIUM,810137490816,0,,,,,,
M10635A,IPHONE 16 PRO 1TB NATURAL TITANIUM,195949770388,0,,,,,,
M10635B,CERTIFIED PRE-OWNED IPHONE 16 PRO 1TB NATURAL TITANIUM,M10635B,0,,,,,,
M10636A,IPHONE 16 PRO MAX 256GB BLACK TITANIUM,195949805042,0,,,,,,
M10636B,CERTIFIED PRE-OWNED IPHONE 16 PRO MAX 256GB BLACK TITANIUM,810137490823,0,,,,,,
M10637A,IPHONE 16 PRO MAX 256GB WHITE TITANIUM,195949805059,0,,,,,,
M10637B,CERTIFIED PRE-OWNED IPHONE 16 PRO MAX 256GB WHITE TITANIUM,810137490991,0,,,,,,
M10638A,IPHONE 16 PRO MAX 256GB DESERT TITANIUM,195949805066,0,,,,,,
M10638B,CERTIFIED PRE-OWNED IPHONE 16 PRO MAX 256GB DESERT TITANIUM,810137491004,0,,,,,,
M10639A,IPHONE 16 PRO MAX 256GB NATURAL TITANIUM,195949805073,0,,,,,,
M10639B,CERTIFIED PRE-OWNED IPHONE 16 PRO MAX 256GB NATURAL TITANIUM,810137490830,0,,,,,,
M10640A,IPHONE 16 PRO MAX 512GB BLACK TITANIUM,195949805080,0,,,,,,
M10640B,CERTIFIED PRE-OWNED IPHONE 16 PRO MAX 512GB BLACK TITANIUM,M10640B,0,,,,,,
M10641A,IPHONE 16 PRO MAX 512GB WHITE TITANIUM,195949805097,0,,,,,,
M10641B,CERTIFIED PRE-OWNED IPHONE 16 PRO MAX 512GB WHITE TITANIUM,M10641B,0,,,,,,
M10642A,IPHONE 16 PRO MAX 512GB DESERT TITANIUM,195949805103,0,,,,,,
M10642B,CERTIFIED PRE-OWNED IPHONE 16 PRO MAX 512GB DESERT TITANIUM,810137490847,0,,,,,,
M10643A,IPHONE 16 PRO MAX 512GB NATURAL TITANIUM,195949805110,0,,,,,,
M10643B,CERTIFIED PRE-OWNED IPHONE 16 PRO MAX 512GB NATURAL TITANIUM,M10643B,0,,,,,,
M10644A,IPHONE 16 PRO MAX 1TB BLACK TITANIUM,195949805127,0,,,,,,
M10644B,CERTIFIED PRE-OWNED IPHONE 16 PRO MAX 1TB BLACK TITANIUM,M10644B,0,,,,,,
M10645A,IPHONE 16 PRO MAX 1TB WHITE TITANIUM,195949805134,0,,,,,,
M10645B,CERTIFIED PRE-OWNED IPHONE 16 PRO MAX 1TB WHITE TITANIUM,M10645B,0,,,,,,
M10646A,IPHONE 16 PRO MAX 1TB DESERT TITANIUM,195949805141,0,,,,,,
M10646B,CERTIFIED PRE-OWNED IPHONE 16 PRO MAX 1TB DESERT TITANIUM,810137491011,0,,,,,,
M10647A,IPHONE 16 PRO MAX 1TB NATURAL TITANIUM,195949805158,0,,,,,,
M10647B,CERTIFIED PRE-OWNED IPHONE 16 PRO MAX 1TB NATURAL TITANIUM,M10647B,0,,,,,,
M10650A,SAMSUNG GALAXY A15 5G (64 GB),887276912882,1,,,,,,
M10650B,CERTIFIED PRE-OWNED SAMSUNG GALAXY A15 5G (64 GB),M10650B,0,,,,,,
M10651A,SAMSUNG GALAXY A16 5G 128GB,887276929040,1,,,,,,
M10651B,CERTIFIED PRE-OWNED SAMSUNG GALAXY A16 5G 128GB,M10651B,0,,,,,,
M10652A,MOTO G 5G 2025 128GB FOREST GRAY,840023277085,10,,,,,,
M10652B,CERTIFIED PRE-OWNED MOTO G 5G 2025 128GB FOREST GRAY,M20652B,0,,,,,,
M10653A,SAMSUNG GALAXY S25 SILVER SHADOW 128GB,887276913698,0,,,,,,
M10653B,CERTIFIED PRE-OWNED SAMSUNG GALAXY S25 SILVER SHADOW 128GB,M10653B,0,,,,,,
M10654A,SAMSUNG GALAXY S25 MINT 128GB,887276913902,0,,,,,,
M10654B,CERTIFIED PRE-OWNED SAMSUNG GALAXY S25 MINT 128GB,M10654B,0,,,,,,
M10655A,SAMSUNG GALAXY S25 ICYBLUE 128GB,887276914114,1,,,,,,
M10655B,CERTIFIED PRE-OWNED SAMSUNG GALAXY S25 ICYBLUE 128GB,M10655B,0,,,,,,
M10656A,SAMSUNG GALAXY S25 NAVY 128GB,887276914329,1,,,,,,
M10656B,CERTIFIED PRE-OWNED SAMSUNG GALAXY S25 NAVY 128GB,M10656B,0,,,,,,
M10657A,SAMSUNG GALAXY S25+ SILVER SHADOW 256GB,887276916125,0,,,,,,
M10657B,CERTIFIED PRE-OWNED SAMSUNG GALAXY S25+ SILVER SHADOW 256GB,M10657B,0,,,,,,
M10658A,SAMSUNG GALAXY S25+ NAVY 256GB,887276915982,1,,,,,,
M10658B,CERTIFIED PRE-OWNED SAMSUNG GALAXY S25+ NAVY 256GB,M10658B,0,,,,,,
M10659A,SAMSUNG GALAXY S25 ULTRA TITANIUM BLACK 256GB,887276907123,1,,,,,,
M10659B,CERTIFIED PRE-OWNED SAMSUNG GALAXY S25 ULTRA TITANIUM BLACK 256GB,M10659B,0,,,,,,
M10660A,SAMSUNG GALAXY S25 ULTRA TITANIUM SILVERBLUE 256GB,887276916774,3,,,,,,
M10660B,CERTIFIED PRE-OWNED SAMSUNG GALAXY S25 ULTRA TITANIUM SILVERBLUE 256GB,M10660B,0,,,,,,
M10661A,SAMSUNG GALAXY S25 ULTRA TITANIUM SILVERBLUE 512GB,887276916705,1,,,,,,
M10661B,CERTIFIED PRE-OWNED SAMSUNG GALAXY S25 ULTRA TITANIUM SILVERBLUE 512GB,M10662B,0,,,,,,
M10662A,IPHONE 16E 128GB BLACK,195950051629,4,,,,,,
M10662B,CERTIFIED PRE-OWNED IPHONE 16E 128GB BLACK,M10662B,0,,,,,,
M10663A,IPHONE 16E 128GB WHITE,195950051636,0,,,,,,
M10663B,CERTIFIED PRE-OWNED IPHONE 16E 128GB WHITE,M10663B,0,,,,,,
M10664A,IPHONE 16E 256GB BLACK,195950051643,0,,,,,,
M10664B,CERTIFIED PRE-OWNED IPHONE 16E 256GB BLACK,M10664B,0,,,,,,
M10665A,IPHONE 16E 256GB WHITE,195950051650,0,,,,,,
M10665B,CERTIFIED PRE-OWNED IPHONE 16E 256GB WHITE,M10665B,0,,,,,,
M10666A,IPHONE 16E 512GB BLACK,195950051667,0,,,,,,
M10666B,CERTIFIED PRE-OWNED IPHONE 16E 512GB BLACK,M10666B,0,,,,,,
M10667A,IPHONE 16E 512GB WHITE,195950051674,0,,,,,,
M10667B,CERTIFIED PRE-OWNED IPHONE 16E 512GB WHITE,M10667B,0,,,,,,
M10668A,SAMSUNG GALAXY A26 5G 128GB,887276989211,3,,,,,,
M10668B,CERTIFIED PRE-OWNED SAMSUNG GALAXY A26 5G 128GB,M10668B,0,,,,,,
M10669A,GALAXY S25 EDGE 256GB TITANIUM SILVER,198957072260,0,,,,,,
M10669B,CERTIFIED PRE-OWNED GALAXY S25 EDGE 256GB TITANIUM SILVER,M10669B,0,,,,,,
M10670A,MOTOROLA RAZR 2025 256GB - GIBRALTAR SEA,840023291371,1,,,,,,
M10670B,CERTIFIED PRE-OWNED MOTOROLA RAZR 2025 256GB - GIBRALTAR SEA,M10670B,0,,,,,,
M10671A,MOTO G STYLUS 2025 GIBRALTAR SEA,840493601120,0,,,,,,
M10671B,CERTIFIED PRE-OWNED MOTO G STYLUS 2025 GIBRALTAR SEA,M10671B,0,,,,,,
T10001A,10.9-INCH IPAD WI-FI + CELLULAR 256GB - SILVER,194253363361,0,,,,,,
T10002A,10.9-INCH IPAD AIR WI-FI + CELLULAR 64GB - SPACE GRAY,194252806203,0,,,,,,
T10003A,11-INCH IPAD PRO WI-FI + CELLULAR 128GB - SPACE GRAY,194253248439,0,,,,,,
T10004A,12.9-INCH IPAD PRO WI?FI + CELLULAR 128GB - SPACE GRAY,194253267225,0,,,,,,
T10005A,10.9-INCH IPAD WI-FI + CELLULAR 256GB - BLUE,194253363651,0,,,,,,
T10006A,10.9-INCH IPAD WI-FI + CELLULAR 64GB - SILVER,194253361046,0,,,,,,
T10006B,CERTIFIED PRE-OWNED 10.9-INCH IPAD WI-FI + CELLULAR 64GB - SILVER,T10006B,0,,,,,,
T10007A,10.9-INCH IPAD WI-FI + CELLULAR 64GB - BLUE,194253361336,0,,,,,,
T10007B,CERTIFIED PRE-OWNED 10.9-INCH IPAD WI-FI + CELLULAR 64GB - BLUE,T10007B,0,,,,,,
T10008A,10.9-INCH IPAD WI-FI + CELLULAR 64GB - YELLOW,194253361626,0,,,,,,
T10009A,10.9-INCH IPAD WI-FI + CELLULAR 64GB - PINK,194253361916,0,,,,,,
T10010A,11-INCH IPAD AIR WI-FI + CELLULAR 128GB - SPACE GRAY,195949204074,0,,,,,,
T10010B,CERTIFIED PRE-OWNED 11-INCH IPAD AIR WI-FI + CELLULAR 128GB - SPACE GRAY,T10010B,0,,,,,,
T10011A,11-INCH IPAD AIR WI-FI + CELLULAR 256GB - SPACE GRAY,195949205118,0,,,,,,
T10012A,13-INCH IPAD AIR WI-FI + CELLULAR 128GB - SPACE GRAY,195949266096,0,,,,,,
T10012B,CERTIFIED PRE-OWNED 13-INCH IPAD AIR WI-FI + CELLULAR 128GB - SPACE GRAY,T10012B,0,,,,,,
T10013A,13-INCH IPAD AIR WI-FI + CELLULAR 256GB - SPACE GRAY,195949267178,0,,,,,,
T10014A,13-INCH IPAD PRO WIFI + CELLULAR 256GB WITH STANDARD GLASS - SILVER,195949245541,1,,,,,,
T10014B,CERTIFIED PRE-OWNED 13-INCH IPAD PRO WIFI + CELLULAR 256GB WITH STANDARD GLASS - SILVER,T10014B,0,,,,,,
T10015A,11-INCH IPAD PRO WIFI + CELLULAR 512GB WITH STANDARD GLASS - SPACE BLACK,195949229541,0,,,,,,
T10016A,11-INCH IPAD PRO WIFI + CELLULAR 256GB WITH STANDARD GLASS - SPACE BLACK,195949228964,0,,,,,,
T10016B,CERTIFIED PRE-OWNED 11-INCH IPAD PRO WIFI + CELLULAR 256GB WITH STANDARD GLASS - SPACE BLACK,T10016B,0,,,,,,
T10017A,11-INCH IPAD PRO WIFI + CELLULAR 256GB WITH STANDARD GLASS - SILVER,195949229251,0,,,,,,
T10017B,CERTIFIED PRE-OWNED 11-INCH IPAD PRO WIFI + CELLULAR 256GB WITH STANDARD GLASS - SILVER,T10017B,0,,,,,,
T10018A,IPAD MINI WI-FI + CELLULAR 64GB - SPACE GRAY,194252507605,0,,,,,,
T10018B,CERTIFIED PRE-OWNED IPAD MINI WI-FI + CELLULAR 64GB - SPACE GRAY,T10018B,0,,,,,,
T10019A,10.9-INCH IPAD WI-FI + CELLULAR 256GB - YELLOW,194253363941,0,,,,,,
T10020A,10.9-INCH IPAD WI-FI + CELLULAR 256GB - PINK,194253364238,0,,,,,,
T10021A,11-INCH IPAD AIR WI-FI + CELLULAR 128GB - BLUE,195949204333,0,,,,,,
T10021B,CERTIFIED PRE-OWNED 11-INCH IPAD AIR WI-FI + CELLULAR 128GB - BLUE,T10021B,0,,,,,,
T10022A,11-INCH IPAD AIR WI-FI + CELLULAR 128GB - STARLIGHT,195949204593,0,,,,,,
T10022B,CERTIFIED PRE-OWNED 11-INCH IPAD AIR WI-FI + CELLULAR 128GB - STARLIGHT,T10022B,0,,,,,,
T10023A,11-INCH IPAD AIR WI-FI + CELLULAR 128GB - PURPLE,195949204852,0,,,,,,
T10023B,CERTIFIED PRE-OWNED 11-INCH IPAD AIR WI-FI + CELLULAR 128GB - PURPLE,T10023B,0,,,,,,
T10024A,11-INCH IPAD AIR WI-FI + CELLULAR 256GB - BLUE,195949205378,0,,,,,,
T10025A,11-INCH IPAD AIR WI-FI + CELLULAR 256GB - STARLIGHT,195949205637,0,,,,,,
T10026A,11-INCH IPAD AIR WI-FI + CELLULAR 256GB - PURPLE,195949205897,0,,,,,,
T10027A,13-INCH IPAD AIR WI-FI + CELLULAR 128GB - BLUE,195949266362,0,,,,,,
T10027B,CERTIFIED PRE-OWNED 13-INCH IPAD AIR WI-FI + CELLULAR 128GB - BLUE,T10027B,0,,,,,,
T10028A,13-INCH IPAD AIR WI-FI + CELLULAR 128GB - STARLIGHT,195949266638,0,,,,,,
T10028B,CERTIFIED PRE-OWNED 13-INCH IPAD AIR WI-FI + CELLULAR 128GB - STARLIGHT,T10028B,0,,,,,,
T10029A,13-INCH IPAD AIR WI-FI + CELLULAR 128GB - PURPLE,195949266904,0,,,,,,
T10029B,CERTIFIED PRE-OWNED 13-INCH IPAD AIR WI-FI + CELLULAR 128GB - PURPLE,T10029B,0,,,,,,
T10030A,13-INCH IPAD AIR WI-FI + CELLULAR 256GB - BLUE,195949267444,0,,,,,,
T10031A,13-INCH IPAD AIR WI-FI + CELLULAR 256GB - STARLIGHT,195949267710,0,,,,,,
T10032A,13-INCH IPAD AIR WI-FI + CELLULAR 256GB - PURPLE,195949267987,0,,,,,,
T10033A,13-INCH IPAD PRO WIFI + CELLULAR 512GB WITH STANDARD GLASS - SPACE BLACK,195949245848,0,,,,,,
T10034A,13-INCH IPAD PRO WIFI + CELLULAR 256GB WITH STANDARD GLASS - SPACE BLACK,195949245244,1,,,,,,
T10034B,CERTIFIED PRE-OWNED 13-INCH IPAD PRO WIFI + CELLULAR 256GB WITH STANDARD GLASS - SPACE BLACK,T10034B,0,,,,,,
T10035A,IPAD MINI WI-FI + CELLULAR 64GB - STARLIGHT,194252508183,0,,,,,,
T10036A,IPAD MINI WI-FI + CELLULAR 64GB - PURPLE,194252508763,0,,,,,,
T10036B,CERTIFIED PRE-OWNED IPAD MINI WI-FI + CELLULAR 64GB - PURPLE,T10036B,0,,,,,,
T10037A,IPAD MINI WI-FI + CELLULAR 64GB - PINK,194252726853,0,,,,,,
T10040A,IPAD MINI WI-FI + CELLULAR 128GB - SPACE GRAY,195949755217,0,,,,,,
T10040B,CERTIFIED PRE-OWNED IPAD MINI WI-FI + CELLULAR 128GB - SPACE GRAY,T10040B,0,,,,,,
T10041A,IPAD MINI WI-FI + CELLULAR 128GB - BLUE,195949755460,0,,,,,,
T10042A,IPAD MINI WI-FI + CELLULAR 128GB - STARLIGHT,195949755712,0,,,,,,
T10043A,IPAD MINI WI-FI + CELLULAR 128GB - PURPLE,195949755965,0,,,,,,
T10043B,CERTIFIED PRE-OWNED IPAD MINI WI-FI + CELLULAR 128GB - PURPLE,T10043B,0,,,,,,
T10044A,IPAD MINI WI-FI + CELLULAR 256GB - SPACE GRAY,195949756214,0,,,,,,
T10045A,IPAD MINI WI-FI + CELLULAR 256GB - BLUE,195949756467,0,,,,,,
T10046A,IPAD MINI WI-FI + CELLULAR 256GB - STARLIGHT,195949756719,0,,,,,,
T10047A,IPAD MINI WI-FI + CELLULAR 256GB - PURPLE,195949756962,0,,,,,,
T10048A,IPAD MINI WI-FI + CELLULAR 512GB - SPACE GRAY,195949757280,0,,,,,,
T10049A,IPAD MINI WI-FI + CELLULAR 512GB - BLUE,195949757501,0,,,,,,
T10050A,IPAD MINI WI-FI + CELLULAR 512GB - STARLIGHT,195949757723,0,,,,,,
T10051A,IPAD MINI WI-FI + CELLULAR 512GB - PURPLE,195949757945,0,,,,,,
T10052A,IPAD (A16) 128GB - SILVER,195950146745,2,Duplicate,Correct item number,,,,
T10052B,CERTIFIED PRE-OWNED IPAD (A16) 128GB - SILVER,T10052B,0,,,,,,
T10052P,IPAD (A16) 128GB - SILVER,195950146745,2,Duplicate,,,,,
T10053A,IPAD (A16) BLUE 128GB,195950146752,1,,,,,,
T10053B,CERTIFIED PRE-OWNED IPAD (A16) BLUE 128GB,T10053B,0,,,,,,
T10054A,11-INCH IPAD WI-FI + CELLULAR 128GB - YELLOW,195950146769,0,,,,,,
T10055A,11-INCH IPAD WI-FI + CELLULAR 128GB - PINK,195950146776,0,,,,,,
T10056A,11-INCH IPAD WI-FI + CELLULAR 256GB - SILVER,195950146783,0,,,,,,
T10057A,11-INCH IPAD WI-FI + CELLULAR 256GB - BLUE,195950146790,0,,,,,,
T10058A,11-INCH IPAD WI-FI + CELLULAR 256GB - YELLOW,195950146806,0,,,,,,
T10059A,11-INCH IPAD WI-FI + CELLULAR 256GB - PINK,195950146813,0,,,,,,
T10060A,11-INCH IPAD WI-FI + CELLULAR 512GB - SILVER,195950146820,0,,,,,,
T10061A,11-INCH IPAD WI-FI + CELLULAR 512GB - BLUE,195950146837,0,,,,,,
T10062A,11-INCH IPAD WI-FI + CELLULAR 512GB - YELLOW,195950146844,0,,,,,,
T10063A,11-INCH IPAD WI-FI + CELLULAR 512GB - PINK,195950146851,0,,,,,,
T10064A,IPAD AIR 11-INCH (M3)128GB SPACE GRAY,195949986215,0,,,,,,
T10064B,CERTIFIED PRE-OWNED IPAD AIR 11-INCH (M3)128GB SPACE GRAY,T10064B,0,,,,,,
T10065A,IPAD AIR 11-INCH (M3)128GB BLUE,195949986437,0,,,,,,
T10065B,CERTIFIED PRE-OWNED IPAD AIR 11-INCH (M3)128GB BLUE,T10065B,0,,,,,,
T10066A,11-INCH IPAD AIR WI-FI + CELLULAR 128GB - STARLIGHT,195949986659,0,,,,,,
T10067A,11-INCH IPAD AIR WI-FI + CELLULAR 128GB - PURPLE,195949986871,0,,,,,,
T10068A,11-INCH IPAD AIR WI-FI + CELLULAR 256GB - SPACE GRAY,195949987090,0,,,,,,
T10069A,11-INCH IPAD AIR WI-FI + CELLULAR 256GB - BLUE,195949987311,0,,,,,,
T10070A,11-INCH IPAD AIR WI-FI + CELLULAR 256GB - STARLIGHT,195949987533,0,,,,,,
T10071A,11-INCH IPAD AIR WI-FI + CELLULAR 256GB - PURPLE,195949987755,0,,,,,,
T10072A,11-INCH IPAD AIR WI-FI + CELLULAR 512GB - SPACE GRAY,195949987977,0,,,,,,
T10073A,11-INCH IPAD AIR WI-FI + CELLULAR 512GB - BLUE,195949988196,0,,,,,,
T10074A,11-INCH IPAD AIR WI-FI + CELLULAR 512GB - STARLIGHT,195949988417,0,,,,,,
T10075A,11-INCH IPAD AIR WI-FI + CELLULAR 512GB - PURPLE,195949988639,0,,,,,,
T10076A,11-INCH IPAD AIR WI-FI + CELLULAR 1TB - SPACE GRAY,195949988851,0,,,,,,
T10077A,11-INCH IPAD AIR WI-FI + CELLULAR 1TB - BLUE,195949989070,0,,,,,,
T10078A,11-INCH IPAD AIR WI-FI + CELLULAR 1TB - STARLIGHT,195949989292,0,,,,,,
T10079A,11-INCH IPAD AIR WI-FI + CELLULAR 1TB - PURPLE,195949989513,0,,,,,,
T10080A,13-INCH IPAD AIR WI-FI + CELLULAR 128GB - SPACE GRAY,195949963827,0,,,,,,
T10081A,IPAD AIR 13-INCH (M3) 128GB BLUE,195949964053,0,,,,,,
T10081B,CERTIFIED PRE-OWNED IPAD AIR 13-INCH (M3) 128GB BLUE,T10081B,0,,,,,,
T10082A,13-INCH IPAD AIR WI-FI + CELLULAR 128GB - STARLIGHT,195949964282,0,,,,,,
T10083A,13-INCH IPAD AIR WI-FI + CELLULAR 128GB - PURPLE,195949964510,0,,,,,,
T10084A,13-INCH IPAD AIR WI-FI + CELLULAR 256GB - SPACE GRAY,195949964749,0,,,,,,
T10085A,13-INCH IPAD AIR WI-FI + CELLULAR 256GB - BLUE,195949964978,0,,,,,,
T10086A,13-INCH IPAD AIR WI-FI + CELLULAR 256GB - STARLIGHT,195949965203,0,,,,,,
T10087A,13-INCH IPAD AIR WI-FI + CELLULAR 256GB - PURPLE,195949965432,0,,,,,,
T10088A,13-INCH IPAD AIR WI-FI + CELLULAR 512GB - SPACE GRAY,195949965661,0,,,,,,
T10089A,13-INCH IPAD AIR WI-FI + CELLULAR 512GB - BLUE,195949965890,0,,,,,,
T10090A,13-INCH IPAD AIR WI-FI + CELLULAR 512GB - STARLIGHT,195949966125,0,,,,,,
T10091A,13-INCH IPAD AIR WI-FI + CELLULAR 512GB - PURPLE,195949966354,0,,,,,,
T10092A,13-INCH IPAD AIR WI-FI + CELLULAR 1TB - SPACE GRAY,195949966583,0,,,,,,
T10093A,13-INCH IPAD AIR WI-FI + CELLULAR 1TB - BLUE,195949966811,0,,,,,,
T10094A,13-INCH IPAD AIR WI-FI + CELLULAR 1TB - STARLIGHT,195949967047,0,,,,,,
T10095A,13-INCH IPAD AIR WI-FI + CELLULAR 1TB - PURPLE,195949967276,0,,,,,,
